id_pdc_itinerance,id_station_itinerance
FRTSLE0CBBPD,FRTSLP30248
FRTSLE0005TN,FRTSLP29982
FRTSLE1U4LK8,FRTSLP437128
FRTSLE1U4LIF,FRTSLP437128
FRTSLE2S89Q0,FRTSLP29982
FRTSLE0DDQPV,FRTSLP30032
FRTSLE0003KV,FRTSLP6308
FRTSLE1U4LGA,FRTSLP437128
FRTSLE0003L7,FRTSLP6308
FRTSLE0005UH,FRTSLP29982
FRTSLE1IZ81S,FRTSLP1764
FRTSLE0003KZ,FRTSLP6308
FRTSLE0005MP,FRTSLP30181
FRTSLE0005N3,FRTSLP30181
FRTSLE0005U1,FRTSLP29982
FRTSLE2S89PY,FRTSLP29982
FRTSLE0003KX,FRTSLP6308
FRTSLE0005MV,FRTSLP30181
FRTSLE0DDQQ3,FRTSLP30032
FRTSLE0003L5,FRTSLP6308
FRTSLE0C8452,FRTSLP29983
FRTSLE0003L1,FRTSLP6308
FRTSLE0K2J2E,FRTSLP30036
FRTSLE5CZT7R,FRTSLP11605
FRTSLE0005UF,FRTSLP29982
FRTSLE2S89Q1,FRTSLP29982
FRTSLE2DARBS,FRTSLP1764
FRTSLE0DDQQJ,FRTSLP30032
FRTSLE0006IY,FRTSLP11605
FRTSLE2S89PX,FRTSLP29982
FRTSLE0006J6,FRTSLP11605
FRTSLE0K2A4X,FRTSLP30036
FRTSLE0003L9,FRTSLP6308
FRTSLE0006J8,FRTSLP11605
FRTSLE0003GZ,FRTSLP5673
FRTSLE5CZQSC,FRTSLP11605
FRTSLE5D00ZV,FRTSLP11605
FRTSLE5CZT7O,FRTSLP11605
FRTSLE2S89Q3,FRTSLP29982
FRTSLE0003L3,FRTSLP6308
FRTSLE0DDQQD,FRTSLP30032
FRTSLE5CZRYN,FRTSLP11605
FRTSLE5CZT80,FRTSLP11605
FRTSLE5CZT7I,FRTSLP11605
FRTSLE5CZQS3,FRTSLP11605
FRTSLE2S89Q2,FRTSLP29982
FRTSLE0K2A4V,FRTSLP30036
FRTSLE0006JC,FRTSLP11605
FRTSLE0006JK,FRTSLP11605
FRTSLE0K2A4Y,FRTSLP30036
FRTSLE0006JG,FRTSLP11605
FRTSLE1IZ81V,FRTSLP1764
FRTSLE0005TV,FRTSLP29982
FRTSLE1U4LCS,FRTSLP437128
FRTSLE0DDQQB,FRTSLP30032
FRTSLE5CZT7G,FRTSLP11605
FRTSLE5CZT77,FRTSLP11605
FRTSLE0005UD,FRTSLP29982
FRTSLE0005U5,FRTSLP29982
FRTSLE0K2J2C,FRTSLP30036
FRTSLE2S89PV,FRTSLP29982
FRTSLE5CZT85,FRTSLP11605
FRTSLE0K2J2D,FRTSLP30036
FRTSLE0K2A4U,FRTSLP30036
FRTSLE0DDQQF,FRTSLP30032
FRTSLE0006JA,FRTSLP11605
FRTSLE0006J4,FRTSLP11605
FRTSLE0K2A4W,FRTSLP30036
FRTSLE0006JE,FRTSLP11605
FRTSLE5D00ZU,FRTSLP11605
FRTSLE5D00ZS,FRTSLP11605
FRTSLE0DDQQN,FRTSLP30032
FRTSLE0006J2,FRTSLP11605
FRTSLE0006JI,FRTSLP11605
FRTSLE1U4LLU,FRTSLP437128
FRTSLE0006J0,FRTSLP11605
FRTSLE5CZQSA,FRTSLP11605
FRTSLE5D00ZT,FRTSLP11605
FRTSLE2DARBT,FRTSLP1764
FRTSLE5CZQSF,FRTSLP11605
FRTSLE0CBBPF,FRTSLP30248
FRTSLE2DARBL,FRTSLP1764
FRTSLE0CBBW3,FRTSLP30248
FRTSLE0DDQQH,FRTSLP30032
FRTSLE0CBBR5,FRTSLP30248
FRTSLE2DARBR,FRTSLP1764
FRTSLE00054F,FRTSLP27649
FRTSLE00054P,FRTSLP27649
FRTSLE00054H,FRTSLP27649
FRTSLE00054J,FRTSLP27649
FRTSLE000543,FRTSLP27649
FRTSLE000545,FRTSLP27649
FRTSLE000547,FRTSLP27649
FRTSLE000549,FRTSLP27649
FRTSLE00054B,FRTSLP27649
FRTSLE00054D,FRTSLP27649
FRTSLE00054L,FRTSLP27649
FRTSLE00054N,FRTSLP27649
FRTSLE2DARBX,FRTSLP1764
FRTSLE2S8A23,FRTSLP29982
FRTSLE1IZ81Y,FRTSLP1764
FRTSLE0005U9,FRTSLP29982
FRTSLE1IZ81R,FRTSLP1764
FRTSLE0CBBRI,FRTSLP30248
FRTSLE0CBBW1,FRTSLP30248
FRTSLE0DDQQ9,FRTSLP30032
FRTSLE0CBBVZ,FRTSLP30248
FRTSLE0CBBP9,FRTSLP30248
FRTSLE1IZ81U,FRTSLP1764
FRTSLE0CBBRK,FRTSLP30248
FRTSLE0CBBW5,FRTSLP30248
FRTSLE0CBBPB,FRTSLP30248
FRTSLE0CBBRG,FRTSLP30248
FRTSLE0KKDWZ,FRTSLP16733
FRTSLE0004TB,FRTSLP16733
FRTSLE0KKDWY,FRTSLP16733
FRTSLE0KKDYU,FRTSLP16733
FRTSLE0KKDZP,FRTSLP16733
FRTSLE0004TH,FRTSLP16733
FRTSLE0004TL,FRTSLP16733
FRTSLE0004T9,FRTSLP16733
FRTSLE0004T1,FRTSLP16733
FRTSLE0KKDWW,FRTSLP16733
FRTSLE0005TT,FRTSLP29982
FRTSLE0004T3,FRTSLP16733
FRTSLE10HV4E,FRTSLP33190
FRTSLE10HV4S,FRTSLP33190
FRTSLE10HV4C,FRTSLP33190
FRTSLE0DDQQ7,FRTSLP30032
FRTSLE10HV4V,FRTSLP33190
FRTSLE0KKDYX,FRTSLP16733
FRTSLE10HV4Q,FRTSLP33190
FRTSLE10HV3V,FRTSLP33190
FRTSLE10HV4N,FRTSLP33190
FRTSLE10HV4R,FRTSLP33190
FRTSLE10HV4T,FRTSLP33190
FRTSLE0004T5,FRTSLP16733
FRTSLE0DDQQ1,FRTSLP30032
FRTSLE0KKDYV,FRTSLP16733
FRTSLE0005TZ,FRTSLP29982
FRTSLE0DDQPZ,FRTSLP30032
FRTSLE1U4LLR,FRTSLP437128
FRTSLE0004TD,FRTSLP16733
FRTSLE0005U3,FRTSLP29982
FRTSLE0005UB,FRTSLP29982
FRTSLE2S89PW,FRTSLP29982
FRTSLE2S8A28,FRTSLP29982
FRTSLE2DARBQ,FRTSLP1764
FRTSLE2DARBN,FRTSLP1764
FRTSLE0KKDYY,FRTSLP16733
FRTSLE0KKDY6,FRTSLP16733
FRTSLE10HV4W,FRTSLP33190
FRTSLE10HV4Y,FRTSLP33190
FRTSLE0KKDX0,FRTSLP16733
FRTSLE0004TF,FRTSLP16733
FRTSLE0004TN,FRTSLP16733
FRTSLE1IZ81T,FRTSLP1764
FRTSLE0004TP,FRTSLP16733
FRTSLE0004SZ,FRTSLP16733
FRTSLE2DARBV,FRTSLP1764
FRTSLE1U4LKA,FRTSLP437128
FRTSLE0004TJ,FRTSLP16733
FRTSLE10HV4U,FRTSLP33190
FRTSLE0004T7,FRTSLP16733
FRTSLE0005J1,FRTSLP28781
FRTSLE0005J3,FRTSLP28781
FRTSLE0005IT,FRTSLP28781
FRTSLE0005JF,FRTSLP28781
FRTSLE0005JH,FRTSLP28781
FRTSLE0005J7,FRTSLP28781
FRTSLE0004TT,FRTSLP16733
FRTSLE0005TX,FRTSLP29982
FRTSLE0003PN,FRTSLP1766
FRTSLE000595,FRTSLP29384
FRTSLE2DARBW,FRTSLP1764
FRTSLE00059F,FRTSLP29384
FRTSLE0004TR,FRTSLP16733
FRTSLE00058F,FRTSLP29384
FRTSLE0DDQQP,FRTSLP30032
FRTSLE00058T,FRTSLP29384
FRTSLE00058X,FRTSLP29384
FRTSLE0KKDYW,FRTSLP16733
FRTSLE0KKDWX,FRTSLP16733
FRTSLE000591,FRTSLP29384
FRTSLE0003H3,FRTSLP5673
FRTSLE0005TR,FRTSLP29982
FRTSLE00059D,FRTSLP29384
FRTSLE00058R,FRTSLP29384
FRTSLE00058H,FRTSLP29384
FRTSLE00058Z,FRTSLP29384
FRTSLE000593,FRTSLP29384
FRTSLE0DDQQ5,FRTSLP30032
FRTSLE000597,FRTSLP29384
FRTSLE00059B,FRTSLP29384
FRTSLE00058N,FRTSLP29384
FRTSLE00058P,FRTSLP29384
FRTSLE00059H,FRTSLP29384
FRTSLE0005IZ,FRTSLP28781
FRTSLE00058J,FRTSLP29384
FRTSLE00058V,FRTSLP29384
FRTSLE00058L,FRTSLP29384
FRTSLE000599,FRTSLP29384
FRTSLE1IZ81X,FRTSLP1764
FRTSLE0DZ67K,FRTSLP29581
FRTSLE0DZ67G,FRTSLP29581
FRTSLE2DARBO,FRTSLP1764
FRTSLE2DARBY,FRTSLP1764
FRTSLE2DARBP,FRTSLP1764
FRTSLE0DJDGN,FRTSLP1720
FRTSLE1IZ81W,FRTSLP1764
FRTSLE3AYPTU,FRTSLP1720
FRTSLE10EXI4,FRTSLP3078
FRTSLE0005TP,FRTSLP29982
FRTSLE0DDQQL,FRTSLP30032
FRTSLE0DJDFK,FRTSLP1720
FRTSLE1U4LEG,FRTSLP437128
FRTSLE0DZRE4,FRTSLP29581
FRTSLE0DDQPX,FRTSLP30032
FRTSLE2S89PT,FRTSLP29982
FRTSLE0003PJ,FRTSLP1766
FRTSLE10EXI9,FRTSLP3078
FRTSLE10EXI7,FRTSLP3078
FRTSLE0005U7,FRTSLP29982
FRTSLE0DJDLG,FRTSLP1720
FRTSLE3AYPTN,FRTSLP1720
FRTSLE0DZ67I,FRTSLP29581
FRTSLE00050J,FRTSLP20265
FRTSLE0004GN,FRTSLP1726
FRTSLE00050X,FRTSLP20265
FRTSLE0CRRVM,FRTSLP29767
FRTSLE0CRRW7,FRTSLP29767
FRTSLE0CRRU4,FRTSLP29767
FRTSLE0CRRUB,FRTSLP29767
FRTSLE0CRRUK,FRTSLP29767
FRTSLE0CRRUQ,FRTSLP29767
FRTSLE0CRYVL,FRTSLP29767
FRTSLE0CRRU7,FRTSLP29767
FRTSLE0CRRVW,FRTSLP29767
FRTSLE0CRYVC,FRTSLP29767
FRTSLE0CRRU2,FRTSLP29767
FRTSLE0CRRUX,FRTSLP29767
FRTSLE2S89PU,FRTSLP29982
FRTSLE1Y4BU9,FRTSLP437609
FRTSLE0DJDJU,FRTSLP1720
FRTSLE0DZ67M,FRTSLP29581
FRTSLE0JXXT8,FRTSLP30203
FRTSLE0JXXTB,FRTSLP30203
FRTSLE0005O3,FRTSLP30249
FRTSLE00045J,FRTSLP1720
FRTSLE12KBUS,FRTSLP1726
FRTSLE3C94RQ,FRTSLP3078
FRTSLE0ZHY22,FRTSLP29562
FRTSLE0005OV,FRTSLP29984
FRTSLE0005OX,FRTSLP29984
FRTSLE00045R,FRTSLP1720
FRTSLE0005JB,FRTSLP28781
FRTSLE0005JP,FRTSLP28781
FRTSLE0005J5,FRTSLP28781
FRTSLE0005JR,FRTSLP28781
FRTSLE0005JT,FRTSLP28781
FRTSLE0005MD,FRTSLP30045
FRTSLE0005LL,FRTSLP30045
FRTSLE0005MF,FRTSLP30045
FRTSLE0003HR,FRTSLP5673
FRTSLE0003HD,FRTSLP5673
FRTSLE0005LV,FRTSLP30045
FRTSLE0005M9,FRTSLP30045
FRTSLE0005LH,FRTSLP30045
FRTSLE0005LZ,FRTSLP30045
FRTSLE0005LJ,FRTSLP30045
FRTSLE00045L,FRTSLP1720
FRTSLE0005MZ,FRTSLP30181
FRTSLE0005MN,FRTSLP30181
FRTSLE0005IR,FRTSLP28781
FRTSLE0005JD,FRTSLP28781
FRTSLE0005IX,FRTSLP28781
FRTSLE0005JL,FRTSLP28781
FRTSLE0C8458,FRTSLP29983
FRTSLE0C846F,FRTSLP29983
FRTSLE0C8454,FRTSLP29983
FRTSLE0C846H,FRTSLP29983
FRTSLE00045N,FRTSLP1720
FRTSLE00045T,FRTSLP1720
FRTSLE00045V,FRTSLP1720
FRTSLE0003HJ,FRTSLP5673
FRTSLE0NBHKD,FRTSLP33157
FRTSLE0003H1,FRTSLP5673
FRTSLE0003HN,FRTSLP5673
FRTSLE0003PH,FRTSLP1766
FRTSLE0ZHY24,FRTSLP29562
FRTSLE0ZHY1Z,FRTSLP29562
FRTSLE0DZ67J,FRTSLP29581
FRTSLE0NBHKB,FRTSLP33157
FRTSLE0DP5FS,FRTSLP30255
FRTSLE0003HP,FRTSLP5673
FRTSLE0CF49Q,FRTSLP33175
FRTSLE0CF47O,FRTSLP33175
FRTSLE3AYPTX,FRTSLP1720
FRTSLE0DJDHE,FRTSLP1720
FRTSLE3AYPTP,FRTSLP1720
FRTSLE3AYPTQ,FRTSLP1720
FRTSLE0DJDI7,FRTSLP1720
FRTSLE0003HL,FRTSLP5673
FRTSLE0003I9,FRTSLP5673
FRTSLE3AYPTS,FRTSLP1720
FRTSLE0003HF,FRTSLP5673
FRTSLE0005MH,FRTSLP30045
FRTSLE0DJDJC,FRTSLP1720
FRTSLE0DZ67H,FRTSLP29581
FRTSLE0003HB,FRTSLP5673
FRTSLE0F4VF2,FRTSLP30256
FRTSLE0005P1,FRTSLP29984
FRTSLE0DJDKV,FRTSLP1720
FRTSLE0003I5,FRTSLP5673
FRTSLE0DJDGB,FRTSLP1720
FRTSLE0DJDHS,FRTSLP1720
FRTSLE3AYPTW,FRTSLP1720
FRTSLE0DJDH0,FRTSLP1720
FRTSLE00045X,FRTSLP1720
FRTSLE0ZU3CH,FRTSLP32666
FRTSLE0003HZ,FRTSLP5673
FRTSLE0005LN,FRTSLP30045
FRTSLE0005M5,FRTSLP30045
FRTSLE0005LF,FRTSLP30045
FRTSLE0005MB,FRTSLP30045
FRTSLE0005M1,FRTSLP30045
FRTSLE0F4VDO,FRTSLP30256
FRTSLE0DJDJ1,FRTSLP1720
FRTSLE3AYPTO,FRTSLP1720
FRTSLE0DMGUG,FRTSLP4003025
FRTSLE0005PH,FRTSLP29984
FRTSLE0ZU39V,FRTSLP32666
FRTSLE0005PR,FRTSLP29984
FRTSLE0005PB,FRTSLP29984
FRTSLE00045P,FRTSLP1720
FRTSLE0005M3,FRTSLP30045
FRTSLE0005LT,FRTSLP30045
FRTSLE0005PL,FRTSLP29984
FRTSLE0005PX,FRTSLP29984
FRTSLE0005M7,FRTSLP30045
FRTSLE0005P7,FRTSLP29984
FRTSLE0005P9,FRTSLP29984
FRTSLE0005LX,FRTSLP30045
FRTSLE0005LP,FRTSLP30045
FRTSLE0005LR,FRTSLP30045
FRTSLE0CF4E2,FRTSLP33175
FRTSLE0DZ67L,FRTSLP29581
FRTSLE0CF4KO,FRTSLP33175
FRTSLE0005PV,FRTSLP29984
FRTSLE0005IV,FRTSLP28781
FRTSLE0005PJ,FRTSLP29984
FRTSLE00057P,FRTSLP29155
FRTSLE00057V,FRTSLP29155
FRTSLE00058B,FRTSLP29155
FRTSLE00057J,FRTSLP29155
FRTSLE00057Z,FRTSLP29155
FRTSLE000583,FRTSLP29155
FRTSLE000587,FRTSLP29155
FRTSLE00057N,FRTSLP29155
FRTSLE00057R,FRTSLP29155
FRTSLE00057T,FRTSLP29155
FRTSLE000585,FRTSLP29155
FRTSLE000589,FRTSLP29155
FRTSLE00058D,FRTSLP29155
FRTSLE00057L,FRTSLP29155
FRTSLE00057X,FRTSLP29155
FRTSLE000581,FRTSLP29155
FRTSLE0005OZ,FRTSLP29984
FRTSLE0005OR,FRTSLP29984
FRTSLE0005JJ,FRTSLP28781
FRTSLE10KEQ9,FRTSLP34059
FRTSLE0RDHDB,FRTSLP59510
FRTSLE0ZHY37,FRTSLP29562
FRTSLE0ZU3CG,FRTSLP32666
FRTSLE0004GT,FRTSLP1726
FRTSLE0JXXTA,FRTSLP30203
FRTSLE2LW5G5,FRTSLP413105
FRTSLE0KPW0A,FRTSLP20265
FRTSLE2IA3JJ,FRTSLP413105
FRTSLE0JRE81,FRTSLP407740
FRTSLE0JRE82,FRTSLP407740
FRTSLE0JRE83,FRTSLP407740
FRTSLE0JRE7W,FRTSLP407740
FRTSLE0JRE7X,FRTSLP407740
FRTSLE0JRE7Y,FRTSLP407740
FRTSLE0JRE7Z,FRTSLP407740
FRTSLE0JRE80,FRTSLP407740
FRTSLE0ZHY1X,FRTSLP29562
FRTSLE0NBHL0,FRTSLP33157
FRTSLE2IA2M5,FRTSLP413105
FRTSLE41D5XM,FRTSLP417275
FRTSLE0005QD,FRTSLP29758
FRTSLE0005Q7,FRTSLP29758
FRTSLE0005QB,FRTSLP29758
FRTSLE0005QV,FRTSLP29758
FRTSLE0005QX,FRTSLP29758
FRTSLE0005QR,FRTSLP29758
FRTSLE0005Q3,FRTSLP29758
FRTSLE0005Q5,FRTSLP29758
FRTSLE0005QF,FRTSLP29758
FRTSLE0005QP,FRTSLP29758
FRTSLE0005Q9,FRTSLP29758
FRTSLE0005QN,FRTSLP29758
FRTSLE0005QT,FRTSLP29758
FRTSLE0005QH,FRTSLP29758
FRTSLE0005QJ,FRTSLP29758
FRTSLE0005QL,FRTSLP29758
FRTSLE0CRPTE,FRTSLP30242
FRTSLE10KEQF,FRTSLP34059
FRTSLE0003HX,FRTSLP5673
FRTSLE10KEQB,FRTSLP34059
FRTSLE10KEQK,FRTSLP34059
FRTSLE0ZIG7G,FRTSLP29562
FRTSLE0ZHY1Y,FRTSLP29562
FRTSLE0DP5FU,FRTSLP30255
FRTSLE0XH5D2,FRTSLP30244
FRTSLE0XH5CZ,FRTSLP30244
FRTSLE0XH5D0,FRTSLP30244
FRTSLE0DP5FO,FRTSLP30255
FRTSLE0XH5CL,FRTSLP30244
FRTSLE0XH5CM,FRTSLP30244
FRTSLE0XH5CY,FRTSLP30244
FRTSLE2LW5SK,FRTSLP413105
FRTSLE0XH5CJ,FRTSLP30244
FRTSLE0F4VE9,FRTSLP30256
FRTSLE0XH5CU,FRTSLP30244
FRTSLE0RDH3H,FRTSLP59510
FRTSLE0XH5D3,FRTSLP30244
FRTSLE0XH5CX,FRTSLP30244
FRTSLE2IA4FK,FRTSLP413105
FRTSLE0XH5CR,FRTSLP30244
FRTSLE0XH5D7,FRTSLP30244
FRTSLE0CF4KM,FRTSLP33175
FRTSLE41D5YO,FRTSLP417275
FRTSLE0CF47M,FRTSLP33175
FRTSLE0DMGUI,FRTSLP4003025
FRTSLE0RDGYO,FRTSLP59510
FRTSLE0DP5FQ,FRTSLP30255
FRTSLE0CF4KQ,FRTSLP33175
FRTSLE0CF49S,FRTSLP33175
FRTSLE2LW4UP,FRTSLP413105
FRTSLE2I9ZCR,FRTSLP413105
FRTSLE0CF4KS,FRTSLP33175
FRTSLE0CF49U,FRTSLP33175
FRTSLE0CF47K,FRTSLP33175
FRTSLE0005JN,FRTSLP28781
FRTSLE0003PF,FRTSLP1766
FRTSLE0005J9,FRTSLP28781
FRTSLE0003PP,FRTSLP1766
FRTSLE14J3WJ,FRTSLP5674
FRTSLE0003FR,FRTSLP7320
FRTSLE0DP5FP,FRTSLP30255
FRTSLE0DP5FR,FRTSLP30255
FRTSLE0DP5FT,FRTSLP30255
FRTSLE0003FX,FRTSLP7320
FRTSLE0004D3,FRTSLP3972
FRTSLE0004D7,FRTSLP3972
FRTSLE0ZHY3H,FRTSLP29562
FRTSLE0ZHY3I,FRTSLP29562
FRTSLE0004SL,FRTSLP16732
FRTSLE0003JR,FRTSLP1735
FRTSLE2LW42Z,FRTSLP413105
FRTSLE0003JV,FRTSLP11193
FRTSLE0003HT,FRTSLP5673
FRTSLE0K9ECA,FRTSLP30203
FRTSLE0RDHED,FRTSLP59510
FRTSLE0004SH,FRTSLP16732
FRTSLE0CRPTG,FRTSLP30242
FRTSLE0005MJ,FRTSLP30181
FRTSLE0005MX,FRTSLP30181
FRTSLE00053N,FRTSLP21027
FRTSLE0005ML,FRTSLP30181
FRTSLE0NBHKL,FRTSLP33157
FRTSLE0005PZ,FRTSLP29984
FRTSLE0ZIG7I,FRTSLP29562
FRTSLE000461,FRTSLP5671
FRTSLE0F4VEH,FRTSLP30256
FRTSLE0F4VDL,FRTSLP30256
FRTSLE0F4VDH,FRTSLP30256
FRTSLE0ZU39T,FRTSLP32666
FRTSLE0KP7C7,FRTSLP30253
FRTSLE0003H5,FRTSLP5673
FRTSLE0004SB,FRTSLP16732
FRTSLE10KEQI,FRTSLP34059
FRTSLE0003I7,FRTSLP5673
FRTSLE0003ID,FRTSLP5673
FRTSLE0F4VET,FRTSLP30256
FRTSLE0DP5FL,FRTSLP30255
FRTSLE0DP5FM,FRTSLP30255
FRTSLE0003IV,FRTSLP5670
FRTSLE0DMGUU,FRTSLP4003025
FRTSLE0004CX,FRTSLP3972
FRTSLE41D5WS,FRTSLP417275
FRTSLE0003PL,FRTSLP1766
FRTSLE0DMGUW,FRTSLP4003025
FRTSLE0DMGUS,FRTSLP4003025
FRTSLE0I9AAB,FRTSLP29713
FRTSLE0F4VE0,FRTSLP30256
FRTSLE0003HV,FRTSLP5673
FRTSLE0CF49W,FRTSLP33175
FRTSLE0CF4E8,FRTSLP33175
FRTSLE00050T,FRTSLP20265
FRTSLE0CF4E6,FRTSLP33175
FRTSLE0CF47I,FRTSLP33175
FRTSLE0003IF,FRTSLP5670
FRTSLE00045Z,FRTSLP5671
FRTSLE000465,FRTSLP5671
FRTSLE0DP5FN,FRTSLP30255
FRTSLE0003H7,FRTSLP5673
FRTSLE2IA2YH,FRTSLP413105
FRTSLE00050L,FRTSLP20265
FRTSLE0DP5FK,FRTSLP30255
FRTSLE0004BB,FRTSLP5675
FRTSLE0DMGUQ,FRTSLP4003025
FRTSLE0DMGV0,FRTSLP4003025
FRTSLE0DMGUE,FRTSLP4003025
FRTSLE00L5LH,FRTSLP30513
FRTSLE00L5Z5,FRTSLP30513
FRTSLE00L5TH,FRTSLP30513
FRTSLE00L5J3,FRTSLP30513
FRTSLE00L5Z3,FRTSLP30513
FRTSLE00L5J1,FRTSLP30513
FRTSLE0I998U,FRTSLP29713
FRTSLE0RDHFT,FRTSLP59510
FRTSLE0KP7CA,FRTSLP30253
FRTSLE00L5LB,FRTSLP30513
FRTSLE00L65R,FRTSLP30513
FRTSLE00L5J5,FRTSLP30513
FRTSLE0004SX,FRTSLP16732
FRTSLE0ZIG7J,FRTSLP29562
FRTSLE00053F,FRTSLP21027
FRTSLE41D5YN,FRTSLP417275
FRTSLE00053L,FRTSLP21027
FRTSLE000541,FRTSLP21027
FRTSLE0KPW1N,FRTSLP20265
FRTSLE1BRU43,FRTSLP6431
FRTSLE1Y4BU4,FRTSLP437609
FRTSLE0003I3,FRTSLP5673
FRTSLE0KP7CB,FRTSLP30253
FRTSLE0DMGUM,FRTSLP4003025
FRTSLE1BRTY4,FRTSLP6431
FRTSLE1BRTZZ,FRTSLP6431
FRTSLE1BRU44,FRTSLP6431
FRTSLE0DP5FJ,FRTSLP30255
FRTSLE0ZIG7H,FRTSLP29562
FRTSLE1BRU49,FRTSLP6431
FRTSLE0ZU39W,FRTSLP32666
FRTSLE0004SP,FRTSLP16732
FRTSLE0CRPVM,FRTSLP30242
FRTSLE0005OT,FRTSLP29984
FRTSLE41D5WV,FRTSLP417275
FRTSLE0004B7,FRTSLP5675
FRTSLE0003G1,FRTSLP7320
FRTSLE0CF4E4,FRTSLP33175
FRTSLE0004D9,FRTSLP3972
FRTSLE0004D5,FRTSLP3972
FRTSLE0003FT,FRTSLP7320
FRTSLE0003FP,FRTSLP7320
FRTSLE0003JX,FRTSLP11193
FRTSLE0005OH,FRTSLP30249
FRTSLE0005O9,FRTSLP30249
FRTSLE0005OB,FRTSLP30249
FRTSLE0004B5,FRTSLP5675
FRTSLE0NBHKC,FRTSLP33157
FRTSLE0NBHKM,FRTSLP33157
FRTSLE0004D1,FRTSLP3972
FRTSLE0JXXTC,FRTSLP30203
FRTSLE1Y4BUF,FRTSLP437609
FRTSLE0NBHKS,FRTSLP33157
FRTSLE1Y4BUH,FRTSLP437609
FRTSLE10EXIA,FRTSLP3078
FRTSLE0ZU3BU,FRTSLP32666
FRTSLE0ZU39X,FRTSLP32666
FRTSLE14J3WH,FRTSLP5674
FRTSLE0004SF,FRTSLP16732
FRTSLE12KBUQ,FRTSLP1726
FRTSLE12KBUP,FRTSLP1726
FRTSLE00053T,FRTSLP21027
FRTSLE00053H,FRTSLP21027
FRTSLE00053V,FRTSLP21027
FRTSLE3C953K,FRTSLP3078
FRTSLE0DMGUK,FRTSLP4003025
FRTSLE1Y4BU5,FRTSLP437609
FRTSLE0JXXT9,FRTSLP30203
FRTSLE0005R7,FRTSLP30029
FRTSLE10KEQA,FRTSLP34059
FRTSLE1713KW,FRTSLP30029
FRTSLE0004ST,FRTSLP16732
FRTSLE0KP7C6,FRTSLP30253
FRTSLE0004S9,FRTSLP16732
FRTSLE1Y4BXG,FRTSLP437609
FRTSLE1Y4BUB,FRTSLP437609
FRTSLE0004SN,FRTSLP16732
FRTSLE0DD6CA,FRTSLP3078
FRTSLE00P935,FRTSLP30148
FRTSLE0004GH,FRTSLP1726
FRTSLE0ZU3CI,FRTSLP32666
FRTSLE000467,FRTSLP5671
FRTSLE0003IP,FRTSLP5670
FRTSLE000469,FRTSLP5671
FRTSLE00046B,FRTSLP5671
FRTSLE0003IH,FRTSLP5670
FRTSLE00046F,FRTSLP5671
FRTSLE0004B9,FRTSLP5675
FRTSLE0003FV,FRTSLP7320
FRTSLE0004CZ,FRTSLP3972
FRTSLE0003IX,FRTSLP5670
FRTSLE0004BH,FRTSLP5675
FRTSLE0004CV,FRTSLP3972
FRTSLE0005QZ,FRTSLP30029
FRTSLE0003FN,FRTSLP7320
FRTSLE0I9AAD,FRTSLP29713
FRTSLE0I998S,FRTSLP29713
FRTSLE1713B8,FRTSLP30029
FRTSLE0C6GWV,FRTSLP29904
FRTSLE0003IJ,FRTSLP5670
FRTSLE0I9AAC,FRTSLP29713
FRTSLE0I9AA9,FRTSLP29713
FRTSLE0005R9,FRTSLP30029
FRTSLE0005RX,FRTSLP30029
FRTSLE0005SH,FRTSLP30029
FRTSLE1712V6,FRTSLP30029
FRTSLE0DMGUY,FRTSLP4003025
FRTSLE0003H9,FRTSLP5673
FRTSLE0003FL,FRTSLP7320
FRTSLE0RDGX0,FRTSLP59510
FRTSLE10KEQG,FRTSLP34059
FRTSLE1BRTZY,FRTSLP6431
FRTSLE0003IT,FRTSLP5670
FRTSLE0005R3,FRTSLP30029
FRTSLE0003I1,FRTSLP5673
FRTSLE2IA0NG,FRTSLP413105
FRTSLE000463,FRTSLP5671
FRTSLE00046H,FRTSLP5671
FRTSLE0DMGUO,FRTSLP4003025
FRTSLE0NBHKH,FRTSLP33157
FRTSLE1712V7,FRTSLP30029
FRTSLE0005RZ,FRTSLP30029
FRTSLE0005RB,FRTSLP30029
FRTSLE00050N,FRTSLP20265
FRTSLE0004S3,FRTSLP16732
FRTSLE3FP2A6,FRTSLP3078
FRTSLE0KPW1Z,FRTSLP20265
FRTSLE0004BF,FRTSLP5675
FRTSLE0004H9,FRTSLP1726
FRTSLE0003KN,FRTSLP3078
FRTSLE0003KL,FRTSLP3078
FRTSLE0004SD,FRTSLP16732
FRTSLE0005MR,FRTSLP30181
FRTSLE0005MT,FRTSLP30181
FRTSLE0005N5,FRTSLP30181
FRTSLE0005N1,FRTSLP30181
FRTSLE0004S7,FRTSLP16732
FRTSLE14J3WG,FRTSLP5674
FRTSLE0KPW1Y,FRTSLP20265
FRTSLE0004SV,FRTSLP16732
FRTSLE00P97P,FRTSLP30148
FRTSLE0CNG3O,FRTSLP29905
FRTSLE0CNG4R,FRTSLP29905
FRTSLE0DFD1O,FRTSLP29905
FRTSLE0DM4WH,FRTSLP29905
FRTSLE0005S5,FRTSLP30029
FRTSLE0KPW2H,FRTSLP20265
FRTSLE0DM49J,FRTSLP29905
FRTSLE0DM4BU,FRTSLP29905
FRTSLE0DD6AW,FRTSLP3078
FRTSLE0DD6AS,FRTSLP3078
FRTSLE0003KP,FRTSLP3078
FRTSLE0003KH,FRTSLP3078
FRTSLE0003KT,FRTSLP3078
FRTSLE0004GV,FRTSLP1726
FRTSLE0004H5,FRTSLP1726
FRTSLE0004H1,FRTSLP1726
FRTSLE00050P,FRTSLP20265
FRTSLE0DFD2G,FRTSLP29905
FRTSLE1Y4BUA,FRTSLP437609
FRTSLE0C846J,FRTSLP29983
FRTSLE0DFD4F,FRTSLP29905
FRTSLE0RDHCT,FRTSLP59510
FRTSLE0CNG4A,FRTSLP29905
FRTSLE0004GL,FRTSLP1726
FRTSLE0GA0VR,FRTSLP29905
FRTSLE0CNG3S,FRTSLP29905
FRTSLE1Y4BUK,FRTSLP437609
FRTSLE00053R,FRTSLP21027
FRTSLE00053Z,FRTSLP21027
FRTSLE14J3WD,FRTSLP5674
FRTSLE0CNG43,FRTSLP29905
FRTSLE0DM4X2,FRTSLP29905
FRTSLE00053J,FRTSLP21027
FRTSLE00050V,FRTSLP20265
FRTSLE00053P,FRTSLP21027
FRTSLE0CEIB5,FRTSLP30184
FRTSLE00053X,FRTSLP21027
FRTSLE0DJPSN,FRTSLP29561
FRTSLE0C6GZF,FRTSLP29904
FRTSLE10EXIB,FRTSLP3078
FRTSLE0CEIFR,FRTSLP30184
FRTSLE0C6GWM,FRTSLP29904
FRTSLE0CNG3L,FRTSLP29905
FRTSLE41D5YQ,FRTSLP417275
FRTSLE41D5WQ,FRTSLP417275
FRTSLE0DM4WF,FRTSLP29905
FRTSLE0DFD5D,FRTSLP29905
FRTSLE0CNG4I,FRTSLP29905
FRTSLE1713Q4,FRTSLP30029
FRTSLE0OWFMB,FRTSLP30184
FRTSLE0CNG3X,FRTSLP29905
FRTSLE0DM4WJ,FRTSLP29905
FRTSLE0GA0ZR,FRTSLP29905
FRTSLE0DM4AO,FRTSLP29905
FRTSLE0DM4DJ,FRTSLP29905
FRTSLE0GA0XO,FRTSLP29905
FRTSLE0GA0UD,FRTSLP29905
FRTSLE0RDHAN,FRTSLP59510
FRTSLE0OWFMA,FRTSLP30184
FRTSLE12KBUN,FRTSLP1726
FRTSLE0CEIB1,FRTSLP30184
FRTSLE41D5YH,FRTSLP417275
FRTSLE0CEIML,FRTSLP30184
FRTSLE0005SF,FRTSLP30029
FRTSLE0005RD,FRTSLP30029
FRTSLE0005PP,FRTSLP29984
FRTSLE0005Q1,FRTSLP29984
FRTSLE10KEQH,FRTSLP34059
FRTSLE0OWFM8,FRTSLP30184
FRTSLE0RDHB5,FRTSLP59510
FRTSLE0OWFM6,FRTSLP30184
FRTSLE0005PT,FRTSLP29984
FRTSLE0RDH9R,FRTSLP59510
FRTSLE12KBUO,FRTSLP1726
FRTSLE0CEIFT,FRTSLP30184
FRTSLE0J70C5,FRTSLP427106
FRTSLE0CEIMJ,FRTSLP30184
FRTSLE0OWFM7,FRTSLP30184
FRTSLE171422,FRTSLP30029
FRTSLE0004SJ,FRTSLP16732
FRTSLE0CEIMN,FRTSLP30184
FRTSLE0CEIB3,FRTSLP30184
FRTSLE0004S5,FRTSLP16732
FRTSLE0CEIMP,FRTSLP30184
FRTSLE0D1JRS,FRTSLP30948
FRTSLE0OWFM9,FRTSLP30184
FRTSLE0004SR,FRTSLP16732
FRTSLE4GEZH6,FRTSLP437327
FRTSLE4GEZGL,FRTSLP437327
FRTSLE4GEZGD,FRTSLP437327
FRTSLE4GEZG4,FRTSLP437327
FRTSLE0RDHGS,FRTSLP59510
FRTSLE0003D9,FRTSLP2584
FRTSLE0004GB,FRTSLP1726
FRTSLE2I9YPG,FRTSLP413105
FRTSLE0J70C4,FRTSLP427106
FRTSLE0OWFMC,FRTSLP30184
FRTSLE0RDHE0,FRTSLP59510
FRTSLE0CEIFP,FRTSLP30184
FRTSLE0CEIAZ,FRTSLP30184
FRTSLE0D1JRY,FRTSLP30948
FRTSLE4GEZH1,FRTSLP437327
FRTSLE0003JT,FRTSLP1735
FRTSLE0CEIFN,FRTSLP30184
FRTSLE0OWFMD,FRTSLP30184
FRTSLE0D1JS0,FRTSLP30948
FRTSLE0DD6BI,FRTSLP3078
FRTSLE0003FZ,FRTSLP7320
FRTSLE0004B3,FRTSLP5675
FRTSLE0CRPVS,FRTSLP30242
FRTSLE0CRPVQ,FRTSLP30242
FRTSLE0004BD,FRTSLP5675
FRTSLE0003IR,FRTSLP5670
FRTSLE0D1JRU,FRTSLP30948
FRTSLE0D1JS6,FRTSLP30948
FRTSLE4GEZGW,FRTSLP437327
FRTSLE0004GR,FRTSLP1726
FRTSLE0D1JS2,FRTSLP30948
FRTSLE0003IN,FRTSLP5670
FRTSLE0003IL,FRTSLP5670
FRTSLE2I9ZZD,FRTSLP413105
FRTSLE0D1JS4,FRTSLP30948
FRTSLE4GEZHA,FRTSLP437327
FRTSLE41D5YG,FRTSLP417275
FRTSLE00050R,FRTSLP20265
FRTSLE0CRPTK,FRTSLP30242
FRTSLE0CRPVO,FRTSLP30242
FRTSLE0CRPTI,FRTSLP30242
FRTSLE0J70C6,FRTSLP427106
FRTSLE0D1JRW,FRTSLP30948
FRTSLE00046D,FRTSLP5671
FRTSLE000533,FRTSLP20437
FRTSLE00052X,FRTSLP20437
FRTSLE00052Z,FRTSLP20437
FRTSLE4GEZGG,FRTSLP437327
FRTSLE4GEZGU,FRTSLP437327
FRTSLE0I9AA7,FRTSLP29713
FRTSLE0I9AAH,FRTSLP29713
FRTSLE0005PN,FRTSLP29984
FRTSLE0005PF,FRTSLP29984
FRTSLE0005S1,FRTSLP30029
FRTSLE0XVMQA,FRTSLP1722
FRTSLE0XVMQC,FRTSLP1722
FRTSLE0KPVZR,FRTSLP20265
FRTSLE0005P5,FRTSLP29984
FRTSLE0005P3,FRTSLP29984
FRTSLE0005PD,FRTSLP29984
FRTSLE1Y4BUI,FRTSLP437609
FRTSLE0004G9,FRTSLP1726
FRTSLE0KPW14,FRTSLP20265
FRTSLE00052R,FRTSLP20437
FRTSLE0004GJ,FRTSLP1726
FRTSLE0004GF,FRTSLP1726
FRTSLE0KP7CC,FRTSLP30253
FRTSLE0004KH,FRTSLP6431
FRTSLE0004K9,FRTSLP6431
FRTSLE0IA12I,FRTSLP29713
FRTSLE0005RN,FRTSLP30029
FRTSLE12KBUL,FRTSLP1726
FRTSLE0003JP,FRTSLP1735
FRTSLE12KBUM,FRTSLP1726
FRTSLE0XVMQF,FRTSLP1722
FRTSLE0003JH,FRTSLP1735
FRTSLE14J3WK,FRTSLP5674
FRTSLE1Y4BUC,FRTSLP437609
FRTSLE10EXI8,FRTSLP3078
FRTSLE0DD6C2,FRTSLP3078
FRTSLE00052T,FRTSLP20437
FRTSLE00052V,FRTSLP20437
FRTSLE000537,FRTSLP20437
FRTSLE00052L,FRTSLP20437
FRTSLE00053D,FRTSLP20437
FRTSLE0I998R,FRTSLP29713
FRTSLE1BRTWZ,FRTSLP6431
FRTSLE0KP7CD,FRTSLP30253
FRTSLE14J3WE,FRTSLP5674
FRTSLE1BRU4C,FRTSLP6431
FRTSLE0005OL,FRTSLP30249
FRTSLE10EXI6,FRTSLP3078
FRTSLE0XVMQD,FRTSLP1722
FRTSLE0KPW1M,FRTSLP20265
FRTSLE0KPW17,FRTSLP20265
FRTSLE00L5OR,FRTSLP30513
FRTSLE1BRTWY,FRTSLP6431
FRTSLE14J3WF,FRTSLP5674
FRTSLE0XVMOR,FRTSLP1722
FRTSLE10EXI5,FRTSLP3078
FRTSLE000539,FRTSLP20437
FRTSLE0KP7C8,FRTSLP30253
FRTSLE0005O1,FRTSLP30249
FRTSLE0005NZ,FRTSLP30249
FRTSLE3FP1HY,FRTSLP3078
FRTSLE0005ND,FRTSLP30249
FRTSLE1Y4BU7,FRTSLP437609
FRTSLE0003MN,FRTSLP2987
FRTSLE12KBUR,FRTSLP1726
FRTSLE0004H7,FRTSLP1726
FRTSLE0004H3,FRTSLP1726
FRTSLE0004GX,FRTSLP1726
FRTSLE0003KJ,FRTSLP3078
FRTSLE0003KF,FRTSLP3078
FRTSLE0003KR,FRTSLP3078
FRTSLE0005NL,FRTSLP30249
FRTSLE0005O5,FRTSLP30249
FRTSLE0005NV,FRTSLP30249
FRTSLE0KPW20,FRTSLP20265
FRTSLE00046L,FRTSLP1753
FRTSLE0003D7,FRTSLP2584
FRTSLE14J3WL,FRTSLP5674
FRTSLE000579,FRTSLP28783
FRTSLE0DD6AO,FRTSLP3078
FRTSLE0003JF,FRTSLP1735
FRTSLE0004GZ,FRTSLP1726
FRTSLE0KPW16,FRTSLP20265
FRTSLE1713VR,FRTSLP30029
FRTSLE0DD6C6,FRTSLP3078
FRTSLE00053B,FRTSLP20437
FRTSLE00052P,FRTSLP20437
FRTSLE000535,FRTSLP20437
FRTSLE00052N,FRTSLP20437
FRTSLE0KPW15,FRTSLP20265
FRTSLE00056H,FRTSLP28783
FRTSLE0004GD,FRTSLP1726
FRTSLE000575,FRTSLP28783
FRTSLE0004GP,FRTSLP1726
FRTSLE00057F,FRTSLP28783
FRTSLE0XVMQB,FRTSLP1722
FRTSLE0004G7,FRTSLP1726
FRTSLE0TU5UY,FRTSLP33166
FRTSLE14J3WI,FRTSLP5674
FRTSLE0003DH,FRTSLP2584
FRTSLE00056V,FRTSLP28783
FRTSLE00057H,FRTSLP28783
FRTSLE0I9AA8,FRTSLP29713
FRTSLE3C95NC,FRTSLP3078
FRTSLE0DD6AI,FRTSLP3078
FRTSLE3FOYF0,FRTSLP3078
FRTSLE0004KD,FRTSLP6431
FRTSLE0004KF,FRTSLP6431
FRTSLE0I9AAK,FRTSLP29713
FRTSLE0I998T,FRTSLP29713
FRTSLE0004K3,FRTSLP6431
FRTSLE0003JN,FRTSLP1735
FRTSLE0004K7,FRTSLP6431
FRTSLE0004KB,FRTSLP6431
FRTSLE00056X,FRTSLP28783
FRTSLE00056N,FRTSLP28783
FRTSLE0004JZ,FRTSLP6431
FRTSLE00046V,FRTSLP1753
FRTSLE00046Z,FRTSLP1753
FRTSLE0004K1,FRTSLP6431
FRTSLE0004K5,FRTSLP6431
FRTSLE0003JJ,FRTSLP1735
FRTSLE0003JL,FRTSLP1735
FRTSLE0005NH,FRTSLP30249
FRTSLE0003HH,FRTSLP5673
FRTSLE0003IB,FRTSLP5673
FRTSLE0XVMOS,FRTSLP1722
FRTSLE0XVMOQ,FRTSLP1722
FRTSLE1713VU,FRTSLP30029
FRTSLE0C6GYN,FRTSLP29904
FRTSLE0KP7C9,FRTSLP30253
FRTSLE1713VT,FRTSLP30029
FRTSLE1BRU4B,FRTSLP6431
FRTSLE000531,FRTSLP20437
FRTSLE0003GT,FRTSLP10702
FRTSLE1BRU41,FRTSLP6431
FRTSLE00052J,FRTSLP20437
FRTSLE1BRU42,FRTSLP6431
FRTSLE0I9AAA,FRTSLP29713
FRTSLE0TUCMR,FRTSLP33185
FRTSLE0KP7GC,FRTSLP10702
FRTSLE0003ND,FRTSLP12180
FRTSLE0003N1,FRTSLP12180
FRTSLE0003N3,FRTSLP12180
FRTSLE0003NN,FRTSLP12180
FRTSLE1LHY94,FRTSLP29903
FRTSLE0005KD,FRTSLP30207
FRTSLE0005L1,FRTSLP30207
FRTSLE0003N9,FRTSLP12180
FRTSLE0003NH,FRTSLP12180
FRTSLE0005KN,FRTSLP30207
FRTSLE0005KV,FRTSLP30207
FRTSLE000571,FRTSLP28783
FRTSLE0003NL,FRTSLP12180
FRTSLE00056P,FRTSLP28783
FRTSLE00057B,FRTSLP28783
FRTSLE0C8GKZ,FRTSLP29903
FRTSLE0C8GY3,FRTSLP29903
FRTSLE0MOMDH,FRTSLP33188
FRTSLE00056T,FRTSLP28783
FRTSLE00056L,FRTSLP28783
FRTSLE0005RH,FRTSLP30029
FRTSLE0003NJ,FRTSLP12180
FRTSLE0003NF,FRTSLP12180
FRTSLE0003MZ,FRTSLP12180
FRTSLE0003NB,FRTSLP12180
FRTSLE00056R,FRTSLP28783
FRTSLE10W0IE,FRTSLP1767
FRTSLE0KP7FQ,FRTSLP10702
FRTSLE0C8H6N,FRTSLP29903
FRTSLE0005K3,FRTSLP30207
FRTSLE0L03MH,FRTSLP33188
FRTSLE0005L5,FRTSLP30207
FRTSLE0005JV,FRTSLP30207
FRTSLE0005K1,FRTSLP30207
FRTSLE0MOME9,FRTSLP33188
FRTSLE2LAG2Z,FRTSLP29903
FRTSLE0005KZ,FRTSLP30207
FRTSLE0005JZ,FRTSLP30207
FRTSLE0005KP,FRTSLP30207
FRTSLE0005L7,FRTSLP30207
FRTSLE0005L3,FRTSLP30207
FRTSLE0003N5,FRTSLP12180
FRTSLE0MOMDF,FRTSLP33188
FRTSLE1712RI,FRTSLP30029
FRTSLE0003NT,FRTSLP12180
FRTSLE1LHXTK,FRTSLP29903
FRTSLE1LHY97,FRTSLP29903
FRTSLE1LHY93,FRTSLP29903
FRTSLE0I9AAF,FRTSLP29713
FRTSLE0C8H6L,FRTSLP29903
FRTSLE0C8GN7,FRTSLP29903
FRTSLE0005RV,FRTSLP30029
FRTSLE00046T,FRTSLP1753
FRTSLE0003NP,FRTSLP12180
FRTSLE0003N7,FRTSLP12180
FRTSLE0C8GY5,FRTSLP29903
FRTSLE0003NR,FRTSLP12180
FRTSLE0C8GRP,FRTSLP29903
FRTSLE0C8GL3,FRTSLP29903
FRTSLE0C8H6P,FRTSLP29903
FRTSLE0C8GRR,FRTSLP29903
FRTSLE0C8GKX,FRTSLP29903
FRTSLE0C8GN3,FRTSLP29903
FRTSLE0L03MI,FRTSLP33188
FRTSLE000573,FRTSLP28783
FRTSLE0L03MF,FRTSLP33188
FRTSLE1LHYI7,FRTSLP29903
FRTSLE0005RT,FRTSLP30029
FRTSLE0MOMDE,FRTSLP33188
FRTSLE0MOMDG,FRTSLP33188
FRTSLE0C8GL1,FRTSLP29903
FRTSLE0C8GRN,FRTSLP29903
FRTSLE0MOME8,FRTSLP33188
FRTSLE0L03MG,FRTSLP33188
FRTSLE0C8GY7,FRTSLP29903
FRTSLE0MOME7,FRTSLP33188
FRTSLE0C8GY1,FRTSLP29903
FRTSLE0MOME6,FRTSLP33188
FRTSLE1LHY96,FRTSLP29903
FRTSLE00056F,FRTSLP28783
FRTSLE00FYTM,FRTSLP2584
FRTSLE0C8GN1,FRTSLP29903
FRTSLE0C8H6R,FRTSLP29903
FRTSLE0C8GN5,FRTSLP29903
FRTSLE0C8GRL,FRTSLP29903
FRTSLE1LHY95,FRTSLP29903
FRTSLE0DI67I,FRTSLP30951
FRTSLE0DI672,FRTSLP30951
FRTSLE000471,FRTSLP1753
FRTSLE0I998V,FRTSLP29713
FRTSLE00046N,FRTSLP1753
FRTSLE0KP7FP,FRTSLP10702
FRTSLE3AXXCN,FRTSLP1742
FRTSLE0003GX,FRTSLP10702
FRTSLE15W69P,FRTSLP413867
FRTSLE00056Z,FRTSLP28783
FRTSLE0005SD,FRTSLP30029
FRTSLE0BS534,FRTSLP30029
FRTSLE0TUCMM,FRTSLP33185
FRTSLE00056J,FRTSLP28783
FRTSLE000577,FRTSLP28783
FRTSLE00057D,FRTSLP28783
FRTSLE0003GL,FRTSLP10702
FRTSLE0KP7GA,FRTSLP10702
FRTSLE15W68O,FRTSLP413867
FRTSLE15W68M,FRTSLP413867
FRTSLE0DI67Q,FRTSLP30951
FRTSLE0DI67O,FRTSLP30951
FRTSLE15W6DY,FRTSLP413867
FRTSLE0005R5,FRTSLP30029
FRTSLE10W0IJ,FRTSLP1767
FRTSLE0DI676,FRTSLP30951
FRTSLE0003GV,FRTSLP10702
FRTSLE0KP7GB,FRTSLP10702
FRTSLE0DI670,FRTSLP30951
FRTSLE0TUCMN,FRTSLP33185
FRTSLE0TUCML,FRTSLP33185
FRTSLE0DI67A,FRTSLP30951
FRTSLE0005RJ,FRTSLP30029
FRTSLE1713VP,FRTSLP30029
FRTSLE0003GR,FRTSLP10702
FRTSLE0005RR,FRTSLP30029
FRTSLE0T3VS3,FRTSLP10702
FRTSLE0003GP,FRTSLP10702
FRTSLE10W0IF,FRTSLP1767
FRTSLE15W6AX,FRTSLP413867
FRTSLE3AXX7L,FRTSLP1742
FRTSLE0DI67G,FRTSLP30951
FRTSLE0KP7G9,FRTSLP10702
FRTSLE13B7MY,FRTSLP30037
FRTSLE13B7M9,FRTSLP30037
FRTSLE10W0ID,FRTSLP1767
FRTSLE13B7OS,FRTSLP30037
FRTSLE0004OJ,FRTSLP11606
FRTSLE0004OL,FRTSLP11606
FRTSLE0004OD,FRTSLP11606
FRTSLE00046P,FRTSLP1753
FRTSLE5CO36A,FRTSLP11606
FRTSLE4V8P3Z,FRTSLP30037
FRTSLE0004O9,FRTSLP11606
FRTSLE13B7MW,FRTSLP30037
FRTSLE13B7O9,FRTSLP30037
FRTSLE0DI67U,FRTSLP30951
FRTSLE4V8P3H,FRTSLP30037
FRTSLE13B7L5,FRTSLP30037
FRTSLE5CNRNO,FRTSLP11606
FRTSLE15W6CK,FRTSLP413867
FRTSLE0004OP,FRTSLP11606
FRTSLE5CO364,FRTSLP11606
FRTSLE4V8P44,FRTSLP30037
FRTSLE0TUCMP,FRTSLP33185
FRTSLE13B7O0,FRTSLP30037
FRTSLE4V8P48,FRTSLP30037
FRTSLE13B7NX,FRTSLP30037
FRTSLE0004O7,FRTSLP11606
FRTSLE4V8P3B,FRTSLP30037
FRTSLE13B7L3,FRTSLP30037
FRTSLE13B7M4,FRTSLP30037
FRTSLE13B7PK,FRTSLP30037
FRTSLE0004OF,FRTSLP11606
FRTSLE13B7MO,FRTSLP30037
FRTSLE5CNZMR,FRTSLP11606
FRTSLE5CNRNG,FRTSLP11606
FRTSLE5CO366,FRTSLP11606
FRTSLE13B7MV,FRTSLP30037
FRTSLE13B7M3,FRTSLP30037
FRTSLE13B7L2,FRTSLP30037
FRTSLE13B7MZ,FRTSLP30037
FRTSLE10W0II,FRTSLP1767
FRTSLE4V8P3L,FRTSLP30037
FRTSLE15W69Q,FRTSLP413867
FRTSLE15W68N,FRTSLP413867
FRTSLE15W6DV,FRTSLP413867
FRTSLE0004O5,FRTSLP11606
FRTSLE4V8P3F,FRTSLP30037
FRTSLE10W0IC,FRTSLP1767
FRTSLE13B7L7,FRTSLP30037
FRTSLE13B7O5,FRTSLP30037
FRTSLE5CNT03,FRTSLP11606
FRTSLE0003GN,FRTSLP10702
FRTSLE0TUCMO,FRTSLP33185
FRTSLE5CO36E,FRTSLP11606
FRTSLE15W68P,FRTSLP413867
FRTSLE15W68L,FRTSLP413867
FRTSLE5CNLPK,FRTSLP11606
FRTSLE15W6G9,FRTSLP413867
FRTSLE0DI678,FRTSLP30951
FRTSLE10W0IG,FRTSLP1767
FRTSLE0DI67S,FRTSLP30951
FRTSLE10W0IH,FRTSLP1767
FRTSLE0004OH,FRTSLP11606
FRTSLE0DI67M,FRTSLP30951
FRTSLE0DI674,FRTSLP30951
FRTSLE0DI67E,FRTSLP30951
FRTSLE0004O3,FRTSLP11606
FRTSLE5CNWGO,FRTSLP11606
FRTSLE0DI67K,FRTSLP30951
FRTSLE0005RF,FRTSLP30029
FRTSLE0TUCMQ,FRTSLP33185
FRTSLE0DI67C,FRTSLP30951
FRTSLE0005S7,FRTSLP30029
FRTSLE0005SB,FRTSLP30029
FRTSLE0TUCMX,FRTSLP33185
FRTSLE5CNZMB,FRTSLP11606
FRTSLE13B7L8,FRTSLP30037
FRTSLE4V8P42,FRTSLP30037
FRTSLE5CNKEH,FRTSLP11606
FRTSLE5CNRNW,FRTSLP11606
FRTSLE13B7L6,FRTSLP30037
FRTSLE4V8P3P,FRTSLP30037
FRTSLE4V8P3U,FRTSLP30037
FRTSLE4V8P36,FRTSLP30037
FRTSLE4V8P3S,FRTSLP30037
FRTSLE0004OB,FRTSLP11606
FRTSLE0004ON,FRTSLP11606
FRTSLE5CO361,FRTSLP11606
FRTSLE5CO369,FRTSLP11606
FRTSLE5CNO1V,FRTSLP11606
FRTSLE3AXXCF,FRTSLP1742
FRTSLE00041P,FRTSLP2986
FRTSLE00041V,FRTSLP2986
FRTSLE00041R,FRTSLP2986
FRTSLE0005K9,FRTSLP30207
FRTSLE0005KX,FRTSLP30207
FRTSLE0005KR,FRTSLP30207
FRTSLE0005L9,FRTSLP30207
FRTSLE0005LD,FRTSLP30207
FRTSLE0005KB,FRTSLP30207
FRTSLE00046R,FRTSLP1753
FRTSLE0JSL09,FRTSLP33158
FRTSLE0JSL07,FRTSLP33158
FRTSLE0KQ9S1,FRTSLP33173
FRTSLE0KQ9S2,FRTSLP33173
FRTSLE0JSSLT,FRTSLP33158
FRTSLE00041N,FRTSLP2986
FRTSLE0005K7,FRTSLP30207
FRTSLE0JSL0A,FRTSLP33158
FRTSLE0JSL0G,FRTSLP33158
FRTSLE0JSL0C,FRTSLP33158
FRTSLE0JSL06,FRTSLP33158
FRTSLE0005KH,FRTSLP30207
FRTSLE0005LB,FRTSLP30207
FRTSLE0005KJ,FRTSLP30207
FRTSLE0005KT,FRTSLP30207
FRTSLE0005K5,FRTSLP30207
FRTSLE0005JX,FRTSLP30207
FRTSLE0005KF,FRTSLP30207
FRTSLE0005KL,FRTSLP30207
FRTSLE0JSL0E,FRTSLP33158
FRTSLE3AXXCJ,FRTSLP1742
FRTSLE3AXX88,FRTSLP1742
FRTSLE0C6H01,FRTSLP29904
FRTSLE0TU612,FRTSLP33166
FRTSLE3AXXCL,FRTSLP1742
FRTSLE0JSL0D,FRTSLP33158
FRTSLE3AXX87,FRTSLP1742
FRTSLE0005N7,FRTSLP30249
FRTSLE0004CP,FRTSLP10696
FRTSLE0005N9,FRTSLP30249
FRTSLE0005O7,FRTSLP30249
FRTSLE0C6GXG,FRTSLP29904
FRTSLE0005NJ,FRTSLP30249
FRTSLE0004I9,FRTSLP1742
FRTSLE0004I7,FRTSLP1742
FRTSLE0DKXTI,FRTSLP29575
FRTSLE0JSL0F,FRTSLP33158
FRTSLE0005RL,FRTSLP30029
FRTSLE0DKXTE,FRTSLP29575
FRTSLE0003Q7,FRTSLP1736
FRTSLE0003QF,FRTSLP1736
FRTSLE0003QD,FRTSLP1736
FRTSLE0005S9,FRTSLP30029
FRTSLE1136YG,FRTSLP33187
FRTSLE1136YJ,FRTSLP33187
FRTSLE18A3EF,FRTSLP29751
FRTSLE18A3C4,FRTSLP29751
FRTSLE0JSL08,FRTSLP33158
FRTSLE0JSL0B,FRTSLP33158
FRTSLE0TU630,FRTSLP33166
FRTSLE0005S3,FRTSLP30029
FRTSLE0005R1,FRTSLP30029
FRTSLE17140I,FRTSLP30029
FRTSLE18A366,FRTSLP29751
FRTSLE18A3Q5,FRTSLP29751
FRTSLE18A36C,FRTSLP29751
FRTSLE0KQ9R8,FRTSLP33173
FRTSLE0003DN,FRTSLP2584
FRTSLE0004IL,FRTSLP1742
FRTSLE0004IF,FRTSLP1742
FRTSLE0004ID,FRTSLP1742
FRTSLE0004EN,FRTSLP1757
FRTSLE0004EV,FRTSLP1757
FRTSLE0003MT,FRTSLP2987
FRTSLE18A389,FRTSLP29751
FRTSLE18A3EN,FRTSLP29751
FRTSLE0K2G4W,FRTSLP33162
FRTSLE0004IT,FRTSLP1752
FRTSLE0004J5,FRTSLP1752
FRTSLE0KQ9SX,FRTSLP33173
FRTSLE0004IV,FRTSLP1752
FRTSLE0KQ9SZ,FRTSLP33173
FRTSLE0KQ9SY,FRTSLP33173
FRTSLE00046J,FRTSLP1753
FRTSLE0DKXTG,FRTSLP29575
FRTSLE0DKXT6,FRTSLP29575
FRTSLE000473,FRTSLP1753
FRTSLE0004J1,FRTSLP1752
FRTSLE0K2G4Z,FRTSLP33162
FRTSLE3AXXCK,FRTSLP1742
FRTSLE0004IB,FRTSLP1742
FRTSLE0004IH,FRTSLP1742
FRTSLE0004IJ,FRTSLP1742
FRTSLE0DKXTC,FRTSLP29575
FRTSLE0DKXTA,FRTSLP29575
FRTSLE0DKXT4,FRTSLP29575
FRTSLE0DKXT8,FRTSLP29575
FRTSLE0DJPST,FRTSLP29561
FRTSLE0003QJ,FRTSLP1736
FRTSLE0003QB,FRTSLP1736
FRTSLE0DJPT7,FRTSLP29561
FRTSLE0DJPSP,FRTSLP29561
FRTSLE0DJC1C,FRTSLP30252
FRTSLE0DJC0V,FRTSLP30252
FRTSLE0DJPTD,FRTSLP29561
FRTSLE0DJPTB,FRTSLP29561
FRTSLE0DJPT1,FRTSLP29561
FRTSLE0DJC3R,FRTSLP30252
FRTSLE18A385,FRTSLP29751
FRTSLE18A3EI,FRTSLP29751
FRTSLE18A3CF,FRTSLP29751
FRTSLE18A3ED,FRTSLP29751
FRTSLE0004CR,FRTSLP10696
FRTSLE0004CH,FRTSLP10696
FRTSLE0003DL,FRTSLP2584
FRTSLE0003D3,FRTSLP2584
FRTSLE0KQ9RA,FRTSLP33173
FRTSLE0003DF,FRTSLP2584
FRTSLE0DJC74,FRTSLP30252
FRTSLE18A3PX,FRTSLP29751
FRTSLE18A3ES,FRTSLP29751
FRTSLE0DJC0T,FRTSLP30252
FRTSLE0KQ9R9,FRTSLP33173
FRTSLE0JRTLK,FRTSLP29933
FRTSLE0004XZ,FRTSLP17346
FRTSLE0JRTLL,FRTSLP29933
FRTSLE0JRTKN,FRTSLP29933
FRTSLE0JRTKL,FRTSLP29933
FRTSLE0006LY,FRTSLP16456
FRTSLE0004YD,FRTSLP17346
FRTSLE0JRTKO,FRTSLP29933
FRTSLE0004YJ,FRTSLP17346
FRTSLE0JRTLO,FRTSLP29933
FRTSLE0ZFO0T,FRTSLP17346
FRTSLE0004Y7,FRTSLP17346
FRTSLE0ZFO2H,FRTSLP17346
FRTSLE0004YP,FRTSLP17346
FRTSLE0004YB,FRTSLP17346
FRTSLE0004YT,FRTSLP17346
FRTSLE0004Y3,FRTSLP17346
FRTSLE0ZFO0Q,FRTSLP17346
FRTSLE0K2G4J,FRTSLP33162
FRTSLE0JT2LR,FRTSLP29933
FRTSLE0JRTLI,FRTSLP29933
FRTSLE0K2G4K,FRTSLP33162
FRTSLE0K2G4Y,FRTSLP33162
FRTSLE0JRTKG,FRTSLP29933
FRTSLE0JRTLG,FRTSLP29933
FRTSLE0004YX,FRTSLP17346
FRTSLE0JRTKK,FRTSLP29933
FRTSLE0JRTLM,FRTSLP29933
FRTSLE0JRTJQ,FRTSLP29933
FRTSLE0JRTKF,FRTSLP29933
FRTSLE0JRTJR,FRTSLP29933
FRTSLE0004YR,FRTSLP17346
FRTSLE0004YF,FRTSLP17346
FRTSLE0004XV,FRTSLP17346
FRTSLE0ZFNZI,FRTSLP17346
FRTSLE18A3ER,FRTSLP29751
FRTSLE0ZFO0S,FRTSLP17346
FRTSLE0ZFO2K,FRTSLP17346
FRTSLE0004XX,FRTSLP17346
FRTSLE0004YV,FRTSLP17346
FRTSLE0JSIK1,FRTSLP29933
FRTSLE0JRTKM,FRTSLP29933
FRTSLE0004EF,FRTSLP1757
FRTSLE0004YN,FRTSLP17346
FRTSLE0004Y9,FRTSLP17346
FRTSLE0ZFNZG,FRTSLP17346
FRTSLE0004Y5,FRTSLP17346
FRTSLE0004YL,FRTSLP17346
FRTSLE0JRTKH,FRTSLP29933
FRTSLE18A14F,FRTSLP29751
FRTSLE0JRTLJ,FRTSLP29933
FRTSLE0JRTKJ,FRTSLP29933
FRTSLE0JRTKI,FRTSLP29933
FRTSLE0JRTLP,FRTSLP29933
FRTSLE0JRTLH,FRTSLP29933
FRTSLE0JRTLN,FRTSLP29933
FRTSLE0ZFNX3,FRTSLP17346
FRTSLE0006M2,FRTSLP16456
FRTSLE0004YH,FRTSLP17346
FRTSLE0004Y1,FRTSLP17346
FRTSLE00046X,FRTSLP1753
FRTSLE0KQ9S3,FRTSLP33173
FRTSLE0DJC0R,FRTSLP30252
FRTSLE0004ET,FRTSLP1757
FRTSLE0DJC8E,FRTSLP30252
FRTSLE18A36B,FRTSLP29751
FRTSLE00041T,FRTSLP2986
FRTSLE0004JP,FRTSLP1750
FRTSLE18A36A,FRTSLP29751
FRTSLE0004CJ,FRTSLP10696
FRTSLE0004EP,FRTSLP1757
FRTSLE0DJC13,FRTSLP30252
FRTSLE0K2G4I,FRTSLP33162
FRTSLE000475,FRTSLP1753
FRTSLE0K2G4L,FRTSLP33162
FRTSLE0K2G50,FRTSLP33162
FRTSLE0K2G51,FRTSLP33162
FRTSLE0K2G53,FRTSLP33162
FRTSLE1136YL,FRTSLP33187
FRTSLE0DJPSX,FRTSLP29561
FRTSLE0DJC11,FRTSLP30252
FRTSLE0K2G4X,FRTSLP33162
FRTSLE0004EL,FRTSLP1757
FRTSLE0K2G52,FRTSLP33162
FRTSLE0DJC15,FRTSLP30252
FRTSLE1136YA,FRTSLP33187
FRTSLE0005OJ,FRTSLP30249
FRTSLE0005NX,FRTSLP30249
FRTSLE18A3EV,FRTSLP29751
FRTSLE0DJC2T,FRTSLP30252
FRTSLE0DJC5K,FRTSLP30252
FRTSLE18A3EY,FRTSLP29751
FRTSLE18A151,FRTSLP29751
FRTSLE0004LZ,FRTSLP2622
FRTSLE0005OP,FRTSLP30249
FRTSLE0005ON,FRTSLP30249
FRTSLE0005NF,FRTSLP30249
FRTSLE00P90X,FRTSLP30148
FRTSLE00P90T,FRTSLP30148
FRTSLE18A3EM,FRTSLP29751
FRTSLE0004CL,FRTSLP10696
FRTSLE0DJPT5,FRTSLP29561
FRTSLE0005OD,FRTSLP30249
FRTSLE0005NR,FRTSLP30249
FRTSLE0005NP,FRTSLP30249
FRTSLE0005NN,FRTSLP30249
FRTSLE0005NB,FRTSLP30249
FRTSLE0005OF,FRTSLP30249
FRTSLE0005NT,FRTSLP30249
FRTSLE0DJC0P,FRTSLP30252
FRTSLE18A3ET,FRTSLP29751
FRTSLE0004CF,FRTSLP10696
FRTSLE18A3F0,FRTSLP29751
FRTSLE0DJC0X,FRTSLP30252
FRTSLE0003MV,FRTSLP2987
FRTSLE0YQATN,FRTSLP30179
FRTSLE0YQASH,FRTSLP30179
FRTSLE0YQATT,FRTSLP30179
FRTSLE0YQATW,FRTSLP30179
FRTSLE0YQATX,FRTSLP30179
FRTSLE0YQAPV,FRTSLP30179
FRTSLE0YQATE,FRTSLP30179
FRTSLE0YQATY,FRTSLP30179
FRTSLE0YQATR,FRTSLP30179
FRTSLE0YQATU,FRTSLP30179
FRTSLE0YQASL,FRTSLP30179
FRTSLE0YQATM,FRTSLP30179
FRTSLE0YQATL,FRTSLP30179
FRTSLE0YQATQ,FRTSLP30179
FRTSLE0006LU,FRTSLP16456
FRTSLE0006M0,FRTSLP16456
FRTSLE0YQASI,FRTSLP30179
FRTSLE0YQASN,FRTSLP30179
FRTSLE1JDPA4,FRTSLP16456
FRTSLE0006M4,FRTSLP16456
FRTSLE00P97J,FRTSLP30148
FRTSLE0DJC0Z,FRTSLP30252
FRTSLE4DV0VP,FRTSLP3019
FRTSLE4DV0VL,FRTSLP3019
FRTSLE18A367,FRTSLP29751
FRTSLE0004EH,FRTSLP1757
FRTSLE0004J3,FRTSLP1752
FRTSLE0004M9,FRTSLP2622
FRTSLE0004CN,FRTSLP10696
FRTSLE0004EZ,FRTSLP1757
FRTSLE0DJPT9,FRTSLP29561
FRTSLE0DJPSL,FRTSLP29561
FRTSLE0DJPSV,FRTSLP29561
FRTSLE0004IP,FRTSLP1752
FRTSLE0004M3,FRTSLP2622
FRTSLE0YHFHT,FRTSLP30243
FRTSLE0004CT,FRTSLP10696
FRTSLE0YHFFY,FRTSLP30243
FRTSLE0G3446,FRTSLP30243
FRTSLE0G3448,FRTSLP30243
FRTSLE0YHFEO,FRTSLP30243
FRTSLE0G3440,FRTSLP30243
FRTSLE00L5LD,FRTSLP30513
FRTSLE00L65T,FRTSLP30513
FRTSLE0G343Z,FRTSLP30243
FRTSLE0YHFF2,FRTSLP30243
FRTSLE0G3442,FRTSLP30243
FRTSLE0G3444,FRTSLP30243
FRTSLE0YHFEB,FRTSLP30243
FRTSLE4DV0VI,FRTSLP3019
FRTSLE0G3441,FRTSLP30243
FRTSLE0YHFFX,FRTSLP30243
FRTSLE0G3449,FRTSLP30243
FRTSLE0G3443,FRTSLP30243
FRTSLE0G3445,FRTSLP30243
FRTSLE0G344A,FRTSLP30243
FRTSLE0YHFGF,FRTSLP30243
FRTSLE0G3447,FRTSLP30243
FRTSLE0004EX,FRTSLP1757
FRTSLE0YHFFH,FRTSLP30243
FRTSLE0003DB,FRTSLP2584
FRTSLE0003MP,FRTSLP2987
FRTSLE1136YC,FRTSLP33187
FRTSLE0004EJ,FRTSLP1757
FRTSLE1136YB,FRTSLP33187
FRTSLE0004F1,FRTSLP1757
FRTSLE0004ER,FRTSLP1757
FRTSLE00041X,FRTSLP2986
FRTSLE0004IN,FRTSLP1752
FRTSLE0004MD,FRTSLP2622
FRTSLE0JJBL3,FRTSLP30379
FRTSLE4DV0PE,FRTSLP3019
FRTSLE0004M1,FRTSLP2622
FRTSLE0JJCXM,FRTSLP30379
FRTSLE0DOI1N,FRTSLP30985
FRTSLE0JJC16,FRTSLP30379
FRTSLE0JJC7H,FRTSLP30379
FRTSLE18A363,FRTSLP29751
FRTSLE18A3MD,FRTSLP29751
FRTSLE0DJC6B,FRTSLP30252
FRTSLE0003MX,FRTSLP2987
FRTSLE18A3EZ,FRTSLP29751
FRTSLE00P92Z,FRTSLP30148
FRTSLE00P90V,FRTSLP30148
FRTSLE00P931,FRTSLP30148
FRTSLE0JJCHZ,FRTSLP30379
FRTSLE18A3J3,FRTSLP29751
FRTSLE0DOI1D,FRTSLP30985
FRTSLE00L5HV,FRTSLP30513
FRTSLE0006LW,FRTSLP16456
FRTSLE0DOI1T,FRTSLP30985
FRTSLE0DOI1R,FRTSLP30985
FRTSLE0DOI1J,FRTSLP30985
FRTSLE0JJC8V,FRTSLP30379
FRTSLE0DOI1F,FRTSLP30985
FRTSLE00L5TF,FRTSLP30513
FRTSLE00L5TB,FRTSLP30513
FRTSLE00L5OX,FRTSLP30513
FRTSLE00L5I1,FRTSLP30513
FRTSLE0003MR,FRTSLP2987
FRTSLE00L5YZ,FRTSLP30513
FRTSLE0DJPSR,FRTSLP29561
FRTSLE1JDPA0,FRTSLP16456
FRTSLE000517,FRTSLP20264
FRTSLE000513,FRTSLP20264
FRTSLE0DJPSJ,FRTSLP29561
FRTSLE00051D,FRTSLP20264
FRTSLE0DJPT3,FRTSLP29561
FRTSLE0DJPSZ,FRTSLP29561
FRTSLE00051T,FRTSLP20264
FRTSLE00052H,FRTSLP20264
FRTSLE000519,FRTSLP20264
FRTSLE0TU613,FRTSLP33166
FRTSLE0JJCDD,FRTSLP30379
FRTSLE0004JV,FRTSLP1750
FRTSLE0003D5,FRTSLP2584
FRTSLE0004MB,FRTSLP2622
FRTSLE0004IX,FRTSLP1752
FRTSLE0003DJ,FRTSLP2584
FRTSLE4DV0P9,FRTSLP3019
FRTSLE0DOI1U,FRTSLP30985
FRTSLE0DOI1O,FRTSLP30985
FRTSLE0004JN,FRTSLP1750
FRTSLE4DV0VF,FRTSLP3019
FRTSLE0003QL,FRTSLP1736
FRTSLE0003QH,FRTSLP1736
FRTSLE0003D1,FRTSLP2584
FRTSLE0003Q9,FRTSLP1736
FRTSLE000521,FRTSLP20264
FRTSLE000523,FRTSLP20264
FRTSLE1JDPA5,FRTSLP16456
FRTSLE0006M8,FRTSLP16456
FRTSLE0JJC4Y,FRTSLP30379
FRTSLE0JJC9Y,FRTSLP30379
FRTSLE0TU60Y,FRTSLP33166
FRTSLE1JDPDT,FRTSLP16456
FRTSLE0JJCAT,FRTSLP30379
FRTSLE0JJBMA,FRTSLP30379
FRTSLE0DOI1P,FRTSLP30985
FRTSLE00051V,FRTSLP20264
FRTSLE000527,FRTSLP20264
FRTSLE0004IZ,FRTSLP1752
FRTSLE0004IR,FRTSLP1752
FRTSLE0JJBPN,FRTSLP30379
FRTSLE0JJC1V,FRTSLP30379
FRTSLE0JJBVH,FRTSLP30379
FRTSLE0JJC67,FRTSLP30379
FRTSLE0JJBO6,FRTSLP30379
FRTSLE0DOI1H,FRTSLP30985
FRTSLE0DOI1G,FRTSLP30985
FRTSLE0DOI1Q,FRTSLP30985
FRTSLE0DOI1E,FRTSLP30985
FRTSLE0JJBOK,FRTSLP30379
FRTSLE0DOI1L,FRTSLP30985
FRTSLE1136YF,FRTSLP33187
FRTSLE0DOI1S,FRTSLP30985
FRTSLE0004M7,FRTSLP2622
FRTSLE4DV0VK,FRTSLP3019
FRTSLE000515,FRTSLP20264
FRTSLE000511,FRTSLP20264
FRTSLE00051H,FRTSLP20264
FRTSLE000529,FRTSLP20264
FRTSLE00051F,FRTSLP20264
FRTSLE00050Z,FRTSLP20264
FRTSLE0004JX,FRTSLP1750
FRTSLE0004JT,FRTSLP1750
FRTSLE0JJCW8,FRTSLP30379
FRTSLE0004JR,FRTSLP1750
FRTSLE00051B,FRTSLP20264
FRTSLE00052D,FRTSLP20264
FRTSLE0JJBMV,FRTSLP30379
FRTSLE0004M5,FRTSLP2622
FRTSLE0DOI1V,FRTSLP30985
FRTSLE0006LQ,FRTSLP16456
FRTSLE0006MC,FRTSLP16456
FRTSLE1JDP9Z,FRTSLP16456
FRTSLE1JDPA2,FRTSLP16456
FRTSLE16UXIZ,FRTSLP30240
FRTSLE4DV0Y4,FRTSLP3019
FRTSLE4DV0VQ,FRTSLP3019
FRTSLE4DV0VO,FRTSLP3019
FRTSLE4DV0VN,FRTSLP3019
FRTSLE0003E7,FRTSLP1725
FRTSLE0DOI1M,FRTSLP30985
FRTSLE0JJC0S,FRTSLP30379
FRTSLE0C6GXQ,FRTSLP29904
FRTSLE000525,FRTSLP20264
FRTSLE00051X,FRTSLP20264
FRTSLE0JJBZL,FRTSLP30379
FRTSLE0JJBW1,FRTSLP30379
FRTSLE0JJCTB,FRTSLP30379
FRTSLE16UXH4,FRTSLP30240
FRTSLE0DOI1I,FRTSLP30985
FRTSLE0JJBKJ,FRTSLP30379
FRTSLE16UXIX,FRTSLP30240
FRTSLE00051Z,FRTSLP20264
FRTSLE00052B,FRTSLP20264
FRTSLE00052F,FRTSLP20264
FRTSLE00051L,FRTSLP20264
FRTSLE00051N,FRTSLP20264
FRTSLE16UXHJ,FRTSLP30240
FRTSLE16UXHK,FRTSLP30240
FRTSLE00051P,FRTSLP20264
FRTSLE00051J,FRTSLP20264
FRTSLE00051R,FRTSLP20264
FRTSLE16UXH3,FRTSLP30240
FRTSLE0JJCBO,FRTSLP30379
FRTSLE0JJC44,FRTSLP30379
FRTSLE0JJCGD,FRTSLP30379
FRTSLE0JJCOO,FRTSLP30379
FRTSLE0PBNII,FRTSLP5147
FRTSLE0DOI1C,FRTSLP30985
FRTSLE0PBN9F,FRTSLP5147
FRTSLE0DOI1K,FRTSLP30985
FRTSLE0PBN9E,FRTSLP5147
FRTSLE0PBNDX,FRTSLP5147
FRTSLE0TWJAP,FRTSLP5147
FRTSLE0JJC84,FRTSLP30379
FRTSLE0C6GY7,FRTSLP29904
FRTSLE00P933,FRTSLP30148
FRTSLE00P97N,FRTSLP30148
FRTSLE00P90R,FRTSLP30148
FRTSLE0004ZT,FRTSLP20263
FRTSLE0PBNL4,FRTSLP5147
FRTSLE0004Z1,FRTSLP20263
FRTSLE000501,FRTSLP20263
FRTSLE0004ZD,FRTSLP20263
FRTSLE1136YD,FRTSLP33187
FRTSLE0JJBJM,FRTSLP30379
FRTSLE0PBNL3,FRTSLP5147
FRTSLE0JJCFF,FRTSLP30379
FRTSLE0JJCV1,FRTSLP30379
FRTSLE00050F,FRTSLP20263
FRTSLE0004ZB,FRTSLP20263
FRTSLE0004Z5,FRTSLP20263
FRTSLE000505,FRTSLP20263
FRTSLE000509,FRTSLP20263
FRTSLE0004ZF,FRTSLP20263
FRTSLE00P97L,FRTSLP30148
FRTSLE0PBNDF,FRTSLP5147
FRTSLE0PBNO1,FRTSLP5147
FRTSLE0TWJ7Z,FRTSLP5147
FRTSLE00L5TD,FRTSLP30513
FRTSLE00L5OV,FRTSLP30513
FRTSLE00L5HZ,FRTSLP30513
FRTSLE00L5LF,FRTSLP30513
FRTSLE00L5OT,FRTSLP30513
FRTSLE00L65X,FRTSLP30513
FRTSLE00L65V,FRTSLP30513
FRTSLE00L5HX,FRTSLP30513
FRTSLE00L5IZ,FRTSLP30513
FRTSLE0004Z7,FRTSLP20263
FRTSLE00050H,FRTSLP20263
FRTSLE0004Z3,FRTSLP20263
FRTSLE0004ZV,FRTSLP20263
FRTSLE3Z0NCY,FRTSLP33169
FRTSLE3Z0ND0,FRTSLP33169
FRTSLE00L5Z1,FRTSLP30513
FRTSLE0004Z9,FRTSLP20263
FRTSLE0004ZP,FRTSLP20263
FRTSLE0006M6,FRTSLP16456
FRTSLE1JDPA3,FRTSLP16456
FRTSLE0006MA,FRTSLP16456
FRTSLE1JDPA1,FRTSLP16456
FRTSLE0TWJAN,FRTSLP5147
FRTSLE0006LS,FRTSLP16456
FRTSLE00050B,FRTSLP20263
FRTSLE0004ZR,FRTSLP20263
FRTSLE0TWJ6L,FRTSLP5147
FRTSLE00050D,FRTSLP20263
FRTSLE000503,FRTSLP20263
FRTSLE000507,FRTSLP20263
FRTSLE0004ZZ,FRTSLP20263
FRTSLE0004NH,FRTSLP11417
FRTSLE0005SP,FRTSLP29873
FRTSLE0005TH,FRTSLP30400
FRTSLE0004ZX,FRTSLP20263
FRTSLE0004ZH,FRTSLP20263
FRTSLE0004ZN,FRTSLP20263
FRTSLE0DAXF1,FRTSLP29159
FRTSLE0DAXEZ,FRTSLP29159
FRTSLE0005SX,FRTSLP29873
FRTSLE0004ZJ,FRTSLP20263
FRTSLE0004YZ,FRTSLP20263
FRTSLE0004ZL,FRTSLP20263
FRTSLE0005SZ,FRTSLP29873
FRTSLE0005SN,FRTSLP29873
FRTSLE0005T1,FRTSLP29873
FRTSLE3Z0NDK,FRTSLP33169
FRTSLE3Z0NCW,FRTSLP33169
FRTSLE1LE54S,FRTSLP29873
FRTSLE0005T7,FRTSLP30400
FRTSLE0EQQL3,FRTSLP29777
FRTSLE0PBNOG,FRTSLP5147
FRTSLE0PBNND,FRTSLP5147
FRTSLE0005T5,FRTSLP29873
FRTSLE0DAXEP,FRTSLP29159
FRTSLE0005SL,FRTSLP29873
FRTSLE0EQQL6,FRTSLP29777
FRTSLE0EQQL2,FRTSLP29777
FRTSLE0DAXF5,FRTSLP29159
FRTSLE0DAXER,FRTSLP29159
FRTSLE0004N7,FRTSLP11417
FRTSLE0004MZ,FRTSLP11417
FRTSLE0004N9,FRTSLP11417
FRTSLE0005SJ,FRTSLP29873
FRTSLE0DAXF3,FRTSLP29159
FRTSLE0DAXEL,FRTSLP29159
FRTSLE00F8VQ,FRTSLP29579
FRTSLE00F956,FRTSLP29579
FRTSLE0DAXEV,FRTSLP29159
FRTSLE1LE4EX,FRTSLP29873
FRTSLE0UTL2Q,FRTSLP29579
FRTSLE00F904,FRTSLP29579
FRTSLE00F95K,FRTSLP29579
FRTSLE0005TF,FRTSLP30400
FRTSLE00F8VU,FRTSLP29579
FRTSLE00F8TO,FRTSLP29579
FRTSLE1FJQUM,FRTSLP3020
FRTSLE1DPFQP,FRTSLP413822
FRTSLE1FJQG1,FRTSLP3020
FRTSLE1FJQXE,FRTSLP3020
FRTSLE1FJQG2,FRTSLP3020
FRTSLE1DPEVO,FRTSLP413822
FRTSLE1DOU3O,FRTSLP413822
FRTSLE0004DH,FRTSLP3020
FRTSLE1DP9JA,FRTSLP413822
FRTSLE00F95M,FRTSLP29579
FRTSLE1FJQRE,FRTSLP3020
FRTSLE1FJQJ6,FRTSLP3020
FRTSLE1DOUR6,FRTSLP413822
FRTSLE1FJQUP,FRTSLP3020
FRTSLE1FJQUO,FRTSLP3020
FRTSLE0004DD,FRTSLP3020
FRTSLE0004DF,FRTSLP3020
FRTSLE0004DJ,FRTSLP3020
FRTSLE0004DL,FRTSLP3020
FRTSLE0004DN,FRTSLP3020
FRTSLE0004DP,FRTSLP3020
FRTSLE1DP4RN,FRTSLP413822
FRTSLE1DPGXU,FRTSLP413822
FRTSLE1FJQUS,FRTSLP3020
FRTSLE00F8VO,FRTSLP29579
FRTSLE1FJQJ4,FRTSLP3020
FRTSLE1FJQJ7,FRTSLP3020
FRTSLE1DOTFM,FRTSLP413822
FRTSLE1FJQUI,FRTSLP3020
FRTSLE1DPHO8,FRTSLP413822
FRTSLE1DPIBM,FRTSLP413822
FRTSLE0004DB,FRTSLP3020
FRTSLE00F900,FRTSLP29579
FRTSLE1FJQG3,FRTSLP3020
FRTSLE1FJQUN,FRTSLP3020
FRTSLE1FJQJ3,FRTSLP3020
FRTSLE1DOW13,FRTSLP413822
FRTSLE1DPBW5,FRTSLP413822
FRTSLE1FJQG0,FRTSLP3020
FRTSLE0005TL,FRTSLP30400
FRTSLE0005TD,FRTSLP30400
FRTSLE1LE5AB,FRTSLP29873
FRTSLE0005T3,FRTSLP29873
FRTSLE0EQQL4,FRTSLP29777
FRTSLE0004PF,FRTSLP16321
FRTSLE1LE4L6,FRTSLP29873
FRTSLE0K1AJ9,FRTSLP31397
FRTSLE0EQQL7,FRTSLP29777
FRTSLE0EQQL5,FRTSLP29777
FRTSLE0EQQKX,FRTSLP29777
FRTSLE00Q34Y,FRTSLP33176
FRTSLE00LVKZ,FRTSLP33154
FRTSLE0005T9,FRTSLP30400
FRTSLE0DGV5D,FRTSLP30400
FRTSLE00Q34U,FRTSLP33176
FRTSLE00LVMZ,FRTSLP33154
FRTSLE0005TB,FRTSLP30400
FRTSLE16UBPL,FRTSLP32189
FRTSLE0EQQL8,FRTSLP29777
FRTSLE0EQQKZ,FRTSLP29777
FRTSLE00Q34G,FRTSLP33176
FRTSLE0K1B12,FRTSLP31397
FRTSLE0K1B7A,FRTSLP31397
FRTSLE00Q35M,FRTSLP33176
FRTSLE1LE480,FRTSLP29873
FRTSLE16UBR4,FRTSLP32189
FRTSLE00Q34M,FRTSLP33176
FRTSLE16UBQW,FRTSLP32189
FRTSLE0K1B99,FRTSLP31397
FRTSLE0DAXET,FRTSLP29159
FRTSLE0K3GS8,FRTSLP31397
FRTSLE0005SV,FRTSLP29873
FRTSLE0K1AZQ,FRTSLP31397
FRTSLE0K1AL4,FRTSLP31397
FRTSLE1LE3W9,FRTSLP29873
FRTSLE0PFMCL,FRTSLP34050
FRTSLE0D2XYK,FRTSLP29624
FRTSLE0DAXEN,FRTSLP29159
FRTSLE0PFMBV,FRTSLP34050
FRTSLE0PFMC8,FRTSLP34050
FRTSLE0004ND,FRTSLP11417
FRTSLE0PFMC9,FRTSLP34050
FRTSLE0PFMCY,FRTSLP34050
FRTSLE00LVRH,FRTSLP33154
FRTSLE00LVKT,FRTSLP33154
FRTSLE00LVRN,FRTSLP33154
FRTSLE0K1B5E,FRTSLP31397
FRTSLE0D2XZ6,FRTSLP29624
FRTSLE0D2XYS,FRTSLP29624
FRTSLE0PFMBP,FRTSLP34050
FRTSLE0D2XYM,FRTSLP29624
FRTSLE0D2XZ2,FRTSLP29624
FRTSLE0D2XZ4,FRTSLP29624
FRTSLE0004NB,FRTSLP11417
FRTSLE0PFMBT,FRTSLP34050
FRTSLE0PFMBU,FRTSLP34050
FRTSLE0D2XZ0,FRTSLP29624
FRTSLE0D2XYY,FRTSLP29624
FRTSLE0DAXEX,FRTSLP29159
FRTSLE0PFMBR,FRTSLP34050
FRTSLE0D2XYO,FRTSLP29624
FRTSLE0005ER,FRTSLP29508
FRTSLE0005FD,FRTSLP29508
FRTSLE0005ET,FRTSLP29508
FRTSLE0005F3,FRTSLP29508
FRTSLE0PFMCC,FRTSLP34050
FRTSLE0K1A92,FRTSLP31397
FRTSLE0PFMD2,FRTSLP34050
FRTSLE0PFMBW,FRTSLP34050
FRTSLE0PFMBX,FRTSLP34050
FRTSLE0PFMCB,FRTSLP34050
FRTSLE0PFMBS,FRTSLP34050
FRTSLE0D2XYQ,FRTSLP29624
FRTSLE0PFMCG,FRTSLP34050
FRTSLE0D2XYW,FRTSLP29624
FRTSLE0TU62X,FRTSLP33166
FRTSLE1LE4XR,FRTSLP29873
FRTSLE0PFMBQ,FRTSLP34050
FRTSLE0EQQL1,FRTSLP29777
FRTSLE0PFMCJ,FRTSLP34050
FRTSLE0PFMCM,FRTSLP34050
FRTSLE0PFMCX,FRTSLP34050
FRTSLE0DAXF7,FRTSLP29159
FRTSLE0D2XYU,FRTSLP29624
FRTSLE0EU112,FRTSLP33176
FRTSLE0K3GSE,FRTSLP31397
FRTSLE0EQQL0,FRTSLP29777
FRTSLE0003ZJ,FRTSLP1758
FRTSLE0K1AYS,FRTSLP31397
FRTSLE0K1B47,FRTSLP31397
FRTSLE3Z0NCU,FRTSLP33169
FRTSLE0005F9,FRTSLP29508
FRTSLE0005EZ,FRTSLP29508
FRTSLE0005EX,FRTSLP29508
FRTSLE0005F5,FRTSLP29508
FRTSLE0005FH,FRTSLP29508
FRTSLE0TWJAO,FRTSLP5147
FRTSLE0TWJAM,FRTSLP5147
FRTSLE16UBR3,FRTSLP32189
FRTSLE3Z0ND1,FRTSLP33169
FRTSLE0K1ABA,FRTSLP31397
FRTSLE3Z0NCX,FRTSLP33169
FRTSLE16UBQZ,FRTSLP32189
FRTSLE0K1B2Z,FRTSLP31397
FRTSLE0K1ANO,FRTSLP31397
FRTSLE0PBNO3,FRTSLP5147
FRTSLE15HKY8,FRTSLP28778
FRTSLE15HKIE,FRTSLP28778
FRTSLE15HKY7,FRTSLP28778
FRTSLE0005EL,FRTSLP28778
FRTSLE0005DL,FRTSLP28778
FRTSLE0005DZ,FRTSLP28778
FRTSLE0005ED,FRTSLP28778
FRTSLE0005DH,FRTSLP28778
FRTSLE0005E5,FRTSLP28778
FRTSLE0005DB,FRTSLP28778
FRTSLE15HKY4,FRTSLP28778
FRTSLE00F8TD,FRTSLP29579
FRTSLE0005E9,FRTSLP28778
FRTSLE15HKB5,FRTSLP28778
FRTSLE00F902,FRTSLP29579
FRTSLE0004PV,FRTSLP16321
FRTSLE41A0RM,FRTSLP34049
FRTSLE0005E1,FRTSLP28778
FRTSLE0003ZL,FRTSLP1758
FRTSLE0005EH,FRTSLP28778
FRTSLE15HKRZ,FRTSLP28778
FRTSLE0005EP,FRTSLP28778
FRTSLE0DIU6R,FRTSLP34981
FRTSLE0005DJ,FRTSLP28778
FRTSLE0DIV1O,FRTSLP34981
FRTSLE0IYP1Y,FRTSLP29651
FRTSLE0005DD,FRTSLP28778
FRTSLE0005DV,FRTSLP28778
FRTSLE00F8VS,FRTSLP29579
FRTSLE00F954,FRTSLP29579
FRTSLE00F906,FRTSLP29579
FRTSLE0005DP,FRTSLP28778
FRTSLE16UBQT,FRTSLP32189
FRTSLE15HKY2,FRTSLP28778
FRTSLE0JAHRH,FRTSLP33161
FRTSLE0JSQ9H,FRTSLP34049
FRTSLE0JAHSN,FRTSLP33161
FRTSLE0DIU6T,FRTSLP34981
FRTSLE0DIU7B,FRTSLP34981
FRTSLE0005EF,FRTSLP28778
FRTSLE0004QF,FRTSLP16321
FRTSLE0004PL,FRTSLP16321
FRTSLE0DIU6Z,FRTSLP34981
FRTSLE0005E7,FRTSLP28778
FRTSLE15HKRX,FRTSLP28778
FRTSLE0JAI05,FRTSLP33161
FRTSLE0TU5ZX,FRTSLP33166
FRTSLE0005EJ,FRTSLP28778
FRTSLE00Q358,FRTSLP33176
FRTSLE0JSQ9C,FRTSLP34049
FRTSLE41A0RF,FRTSLP34049
FRTSLE0005DR,FRTSLP28778
FRTSLE0IQ6N7,FRTSLP45348
FRTSLE0JSQ9G,FRTSLP34049
FRTSLE41A0VE,FRTSLP34049
FRTSLE0005D9,FRTSLP28778
FRTSLE0005EB,FRTSLP28778
FRTSLE15HKIG,FRTSLP28778
FRTSLE0JSQ9F,FRTSLP34049
FRTSLE00F8TG,FRTSLP29579
FRTSLE15HKMR,FRTSLP28778
FRTSLE0005E3,FRTSLP28778
FRTSLE0005DT,FRTSLP28778
FRTSLE0005DF,FRTSLP28778
FRTSLE0005EN,FRTSLP28778
FRTSLE15HKMQ,FRTSLP28778
FRTSLE15HKIF,FRTSLP28778
FRTSLE0IQ6MO,FRTSLP45348
FRTSLE0005DN,FRTSLP28778
FRTSLE00F8TK,FRTSLP29579
FRTSLE1DPIAK,FRTSLP30204
FRTSLE0003YX,FRTSLP11192
FRTSLE0003YR,FRTSLP11192
FRTSLE0003ZD,FRTSLP11192
FRTSLE0PBN9G,FRTSLP5147
FRTSLE0DIU71,FRTSLP34981
FRTSLE0005D7,FRTSLP28778
FRTSLE41A0RK,FRTSLP34049
FRTSLE1DPIAP,FRTSLP30204
FRTSLE0JAHW2,FRTSLP33161
FRTSLE0005DX,FRTSLP28778
FRTSLE0004VD,FRTSLP16979
FRTSLE0004UR,FRTSLP16979
FRTSLE0JSQ9E,FRTSLP34049
FRTSLE0JSQ9B,FRTSLP34049
FRTSLE41A0RE,FRTSLP34049
FRTSLE0004V3,FRTSLP16979
FRTSLE0004VH,FRTSLP16979
FRTSLE0004V5,FRTSLP16979
FRTSLE0004VJ,FRTSLP16979
FRTSLE0003Z5,FRTSLP11192
FRTSLE0003YT,FRTSLP11192
FRTSLE0003Z1,FRTSLP11192
FRTSLE0JAHQ8,FRTSLP33161
FRTSLE0003Z9,FRTSLP11192
FRTSLE0IQ6AF,FRTSLP45348
FRTSLE0DIU6X,FRTSLP34981
FRTSLE0005F7,FRTSLP29508
FRTSLE0005FJ,FRTSLP29508
FRTSLE0004UT,FRTSLP16979
FRTSLE0EQQKY,FRTSLP29777
FRTSLE0DBR4P,FRTSLP16979
FRTSLE0DIU77,FRTSLP34981
FRTSLE0IYOTI,FRTSLP29651
FRTSLE0JSQ9D,FRTSLP34049
FRTSLE0DIU6V,FRTSLP34981
FRTSLE0DIU75,FRTSLP34981
FRTSLE0005EV,FRTSLP29508
FRTSLE1DPIAN,FRTSLP30204
FRTSLE0DIU73,FRTSLP34981
FRTSLE0PBNHD,FRTSLP5147
FRTSLE0JAHOL,FRTSLP33161
FRTSLE0004UV,FRTSLP16979
FRTSLE0JAHUR,FRTSLP33161
FRTSLE0004VB,FRTSLP16979
FRTSLE41A0VB,FRTSLP34049
FRTSLE0004VF,FRTSLP16979
FRTSLE0EU1T5,FRTSLP33176
FRTSLE0004VL,FRTSLP16979
FRTSLE0004V9,FRTSLP16979
FRTSLE0005F1,FRTSLP29508
FRTSLE0003YV,FRTSLP11192
FRTSLE0EU1S3,FRTSLP33176
FRTSLE1DPIAO,FRTSLP30204
FRTSLE0005IH,FRTSLP28780
FRTSLE0005HX,FRTSLP28780
FRTSLE0JSQ9I,FRTSLP34049
FRTSLE0TU5WY,FRTSLP33166
FRTSLE0003Z3,FRTSLP11192
FRTSLE0004QD,FRTSLP16321
FRTSLE0IQ6JO,FRTSLP45348
FRTSLE0IQ6NO,FRTSLP45348
FRTSLE1DPIAR,FRTSLP30204
FRTSLE1DPIAM,FRTSLP30204
FRTSLE0004UX,FRTSLP16979
FRTSLE0004UZ,FRTSLP16979
FRTSLE0004V1,FRTSLP16979
FRTSLE1DPIAL,FRTSLP30204
FRTSLE0003Z7,FRTSLP11192
FRTSLE0003ZB,FRTSLP11192
FRTSLE0IYOH8,FRTSLP29651
FRTSLE0DIU79,FRTSLP34981
FRTSLE0IQ6OV,FRTSLP45348
FRTSLE1DPIAQ,FRTSLP30204
FRTSLE0003YZ,FRTSLP11192
FRTSLE0IYOZJ,FRTSLP29651
FRTSLE41A0RL,FRTSLP34049
FRTSLE1WTWSE,FRTSLP3826
FRTSLE41A0RI,FRTSLP34049
FRTSLE2Y1MM1,FRTSLP3826
FRTSLE0JAHZ2,FRTSLP33161
FRTSLE0IQ6B3,FRTSLP45348
FRTSLE0JAHWY,FRTSLP33161
FRTSLE0IQ6KC,FRTSLP45348
FRTSLE0004PH,FRTSLP16321
FRTSLE0EU0VK,FRTSLP33176
FRTSLE16UBR2,FRTSLP32189
FRTSLE0003ZP,FRTSLP1758
FRTSLE0004Q7,FRTSLP16321
FRTSLE0003ZN,FRTSLP1758
FRTSLE0004Q5,FRTSLP16321
FRTSLE0005ST,FRTSLP29873
FRTSLE0003ZT,FRTSLP1758
FRTSLE0003ZF,FRTSLP1758
FRTSLE00055N,FRTSLP28396
FRTSLE00055P,FRTSLP28396
FRTSLE0003ZR,FRTSLP1758
FRTSLE00054Z,FRTSLP28396
FRTSLE00055L,FRTSLP28396
FRTSLE000559,FRTSLP28396
FRTSLE0004N5,FRTSLP11417
FRTSLE0004N1,FRTSLP11417
FRTSLE16UBR1,FRTSLP32189
FRTSLE0004NL,FRTSLP11417
FRTSLE0004NJ,FRTSLP11417
FRTSLE0K1AC1,FRTSLP31397
FRTSLE0K1BKW,FRTSLP31397
FRTSLE00055F,FRTSLP28396
FRTSLE0K1A6T,FRTSLP31397
FRTSLE0K1BQ0,FRTSLP31397
FRTSLE0005SR,FRTSLP29873
FRTSLE0TWJ6J,FRTSLP5147
FRTSLE3Z0NDL,FRTSLP33169
FRTSLE0005I1,FRTSLP28780
FRTSLE0005HZ,FRTSLP28780
FRTSLE0005I7,FRTSLP28780
FRTSLE00Q354,FRTSLP33176
FRTSLE1WTWWK,FRTSLP3826
FRTSLE0PDXFE,FRTSLP34057
FRTSLE0005IF,FRTSLP28780
FRTSLE0003ZH,FRTSLP1758
FRTSLE0005I3,FRTSLP28780
FRTSLE0005IP,FRTSLP28780
FRTSLE0005HV,FRTSLP28780
FRTSLE0005I5,FRTSLP28780
FRTSLE0005IN,FRTSLP28780
FRTSLE0005IB,FRTSLP28780
FRTSLE1WTX9W,FRTSLP3826
FRTSLE0K1AU3,FRTSLP31397
FRTSLE0004NF,FRTSLP11417
FRTSLE0PBNO0,FRTSLP5147
FRTSLE0K3GSA,FRTSLP31397
FRTSLE0PBNJI,FRTSLP5147
FRTSLE0004LH,FRTSLP3826
FRTSLE0004LR,FRTSLP3826
FRTSLE0004LT,FRTSLP3826
FRTSLE0004LN,FRTSLP3826
FRTSLE0TWJ9U,FRTSLP5147
FRTSLE0PBNM0,FRTSLP5147
FRTSLE0003NV,FRTSLP9507
FRTSLE2Y1MR3,FRTSLP3826
FRTSLE0TWJ8W,FRTSLP5147
FRTSLE0LAYNC,FRTSLP34053
FRTSLE0LAYNN,FRTSLP34053
FRTSLE0003GB,FRTSLP3305
FRTSLE0PDXFD,FRTSLP34057
FRTSLE0004N3,FRTSLP11417
FRTSLE0LAYP9,FRTSLP34053
FRTSLE0005A9,FRTSLP26192
FRTSLE0005AJ,FRTSLP26192
FRTSLE0PDXFH,FRTSLP34057
FRTSLE0PDXFG,FRTSLP34057
FRTSLE2Y1MT1,FRTSLP3826
FRTSLE0EU1KM,FRTSLP33176
FRTSLE0EU1ND,FRTSLP33176
FRTSLE00Q34S,FRTSLP33176
FRTSLE0005FP,FRTSLP30254
FRTSLE0005GX,FRTSLP30254
FRTSLE0005FR,FRTSLP30254
FRTSLE0005FV,FRTSLP30254
FRTSLE0005GR,FRTSLP30254
FRTSLE0005G7,FRTSLP30254
FRTSLE0005GT,FRTSLP30254
FRTSLE1J0PEP,FRTSLP45349
FRTSLE0BT793,FRTSLP3439
FRTSLE0005IJ,FRTSLP28780
FRTSLE0005IL,FRTSLP28780
FRTSLE0005I9,FRTSLP28780
FRTSLE0005ID,FRTSLP28780
FRTSLE16UBR0,FRTSLP32189
FRTSLE16UBQY,FRTSLP32189
FRTSLE00Q35O,FRTSLP33176
FRTSLE00Q34K,FRTSLP33176
FRTSLE120B7H,FRTSLP9507
FRTSLE0DVGU3,FRTSLP3439
FRTSLE0003LP,FRTSLP2583
FRTSLE0DVHBB,FRTSLP3439
FRTSLE0K1A8A,FRTSLP31397
FRTSLE0K1AID,FRTSLP31397
FRTSLE0003LF,FRTSLP2583
FRTSLE0003O1,FRTSLP9507
FRTSLE1BLMM6,FRTSLP9507
FRTSLE0LAYP8,FRTSLP34053
FRTSLE0LAYPM,FRTSLP34053
FRTSLE0LAYP1,FRTSLP34053
FRTSLE0K1BMH,FRTSLP31397
FRTSLE0K1ADX,FRTSLP31397
FRTSLE0003GD,FRTSLP3305
FRTSLE16UBPK,FRTSLP32189
FRTSLE00Q35Q,FRTSLP33176
FRTSLE0K1AMD,FRTSLP31397
FRTSLE1LE4RE,FRTSLP29873
FRTSLE0K1APB,FRTSLP31397
FRTSLE00Q34I,FRTSLP33176
FRTSLE0I1VDD,FRTSLP34046
FRTSLE0LAYPA,FRTSLP34053
FRTSLE0I1VDF,FRTSLP34046
FRTSLE00LTE3,FRTSLP30237
FRTSLE0DN2W3,FRTSLP30246
FRTSLE00LTDZ,FRTSLP30237
FRTSLE00LRTU,FRTSLP30237
FRTSLE0EU0XF,FRTSLP33176
FRTSLE0004LL,FRTSLP3826
FRTSLE0004LJ,FRTSLP3826
FRTSLE0004LP,FRTSLP3826
FRTSLE0DN2VV,FRTSLP30246
FRTSLE0DN2W7,FRTSLP30246
FRTSLE0DN2VX,FRTSLP30246
FRTSLE0DN2VZ,FRTSLP30246
FRTSLE0DN2W1,FRTSLP30246
FRTSLE00LTIH,FRTSLP30237
FRTSLE0LAYO7,FRTSLP34053
FRTSLE0LAYQX,FRTSLP34053
FRTSLE00LRTY,FRTSLP30237
FRTSLE00LTIF,FRTSLP30237
FRTSLE00LTIB,FRTSLP30237
FRTSLE00LVMX,FRTSLP33154
FRTSLE00LVKX,FRTSLP33154
FRTSLE00LRU0,FRTSLP30237
FRTSLE00LRTW,FRTSLP30237
FRTSLE00LTE5,FRTSLP30237
FRTSLE0I1VF1,FRTSLP34046
FRTSLE00LTE1,FRTSLP30237
FRTSLE00LTID,FRTSLP30237
FRTSLE0DVGZ7,FRTSLP3439
FRTSLE0I1VFG,FRTSLP34046
FRTSLE0I1VBA,FRTSLP34046
FRTSLE0LAYP0,FRTSLP34053
FRTSLE2Y1MWG,FRTSLP3826
FRTSLE0K1AJV,FRTSLP31397
FRTSLE0I1VD7,FRTSLP34046
FRTSLE0DVH6S,FRTSLP3439
FRTSLE0K1BNF,FRTSLP31397
FRTSLE0LAYOY,FRTSLP34053
FRTSLE0MTJM0,FRTSLP34053
FRTSLE1WTX4V,FRTSLP3826
FRTSLE2Y1ML3,FRTSLP3826
FRTSLE0I1VBB,FRTSLP34046
FRTSLE00054R,FRTSLP28396
FRTSLE000555,FRTSLP28396
FRTSLE00055R,FRTSLP28396
FRTSLE0I1VES,FRTSLP34046
FRTSLE0LAYP7,FRTSLP34053
FRTSLE0003O9,FRTSLP9507
FRTSLE00037J,FRTSLP28456
FRTSLE0004HZ,FRTSLP1771
FRTSLE1WTWWL,FRTSLP3826
FRTSLE0K3GSD,FRTSLP31397
FRTSLE120BH1,FRTSLP9507
FRTSLE00Q35A,FRTSLP33176
FRTSLE00037L,FRTSLP28456
FRTSLE00036T,FRTSLP28456
FRTSLE00036Z,FRTSLP28456
FRTSLE120BQZ,FRTSLP9507
FRTSLE0004HX,FRTSLP1771
FRTSLE0003LR,FRTSLP2583
FRTSLE0TWJ6K,FRTSLP5147
FRTSLE0DFDNQ,FRTSLP30399
FRTSLE4FFM8A,FRTSLP30399
FRTSLE4FFM8D,FRTSLP30399
FRTSLE4FFM8F,FRTSLP30399
FRTSLE0DFDNM,FRTSLP30399
FRTSLE4FFM8H,FRTSLP30399
FRTSLE0I1VD2,FRTSLP34046
FRTSLE1WTWSD,FRTSLP3826
FRTSLE0DFDNK,FRTSLP30399
FRTSLE0DFDNI,FRTSLP30399
FRTSLE0DFDO0,FRTSLP30399
FRTSLE0DFDO2,FRTSLP30399
FRTSLE0DFDNU,FRTSLP30399
FRTSLE0DFDNW,FRTSLP30399
FRTSLE0DFDNO,FRTSLP30399
FRTSLE0DFDNS,FRTSLP30399
FRTSLE0DFDO4,FRTSLP30399
FRTSLE0DFDNY,FRTSLP30399
FRTSLE2Y1MUO,FRTSLP3826
FRTSLE0BT797,FRTSLP3439
FRTSLE0004LV,FRTSLP3826
FRTSLE120B2W,FRTSLP9507
FRTSLE0BT7IC,FRTSLP3439
FRTSLE0003P7,FRTSLP1723
FRTSLE5A35K3,FRTSLP3305
FRTSLE16546R,FRTSLP3018
FRTSLE5A37U9,FRTSLP3305
FRTSLE0003P3,FRTSLP1723
FRTSLE0DKXU6,FRTSLP30251
FRTSLE0I1VD8,FRTSLP34046
FRTSLE0QHAAO,FRTSLP30329
FRTSLE00054X,FRTSLP28396
FRTSLE00055J,FRTSLP28396
FRTSLE2Y1MR4,FRTSLP3826
FRTSLE0K1A5V,FRTSLP31397
FRTSLE00055H,FRTSLP28396
FRTSLE00054V,FRTSLP28396
FRTSLE00055T,FRTSLP28396
FRTSLE000557,FRTSLP28396
FRTSLE0QHAQX,FRTSLP30329
FRTSLE0004I5,FRTSLP1771
FRTSLE00054T,FRTSLP28396
FRTSLE0QHA3N,FRTSLP30329
FRTSLE0QHAU8,FRTSLP30329
FRTSLE00055D,FRTSLP28396
FRTSLE000553,FRTSLP28396
FRTSLE00055B,FRTSLP28396
FRTSLE0I1VD4,FRTSLP34046
FRTSLE1BLJQX,FRTSLP9507
FRTSLE0QHAOO,FRTSLP30329
FRTSLE0QHAJE,FRTSLP30329
FRTSLE0003LN,FRTSLP2583
FRTSLE0QHA21,FRTSLP30329
FRTSLE0QHAKJ,FRTSLP30329
FRTSLE00033N,FRTSLP28609
FRTSLE00033B,FRTSLP28609
FRTSLE00033P,FRTSLP28609
FRTSLE000343,FRTSLP28609
FRTSLE00033T,FRTSLP28609
FRTSLE000347,FRTSLP28609
FRTSLE00033F,FRTSLP28609
FRTSLE00Q34W,FRTSLP33176
FRTSLE0003LD,FRTSLP2583
FRTSLE1J0PE0,FRTSLP45349
FRTSLE0EU0ZI,FRTSLP33176
FRTSLE2Y1MW7,FRTSLP3826
FRTSLE2Y1MR1,FRTSLP3826
FRTSLE2Y1MO1,FRTSLP3826
FRTSLE0K2JE1,FRTSLP31397
FRTSLE0004HV,FRTSLP1771
FRTSLE0004I1,FRTSLP1771
FRTSLE0004HR,FRTSLP1771
FRTSLE1J0PDI,FRTSLP45349
FRTSLE0005V9,FRTSLP31398
FRTSLE000345,FRTSLP28609
FRTSLE0005V1,FRTSLP31398
FRTSLE0LAYPB,FRTSLP34053
FRTSLE0LAYRC,FRTSLP34053
FRTSLE00Q35K,FRTSLP33176
FRTSLE0LAYPV,FRTSLP34053
FRTSLE0004I3,FRTSLP1771
FRTSLE0004HT,FRTSLP1771
FRTSLE000551,FRTSLP28396
FRTSLE0K1ADC,FRTSLP31397
FRTSLE120C2A,FRTSLP9507
FRTSLE0BT7PQ,FRTSLP3439
FRTSLE1J0PDZ,FRTSLP45349
FRTSLE0DVH4M,FRTSLP3439
FRTSLE0I1VDB,FRTSLP34046
FRTSLE0K3GSB,FRTSLP31397
FRTSLE0K2JE2,FRTSLP31397
FRTSLE0LAYOU,FRTSLP34053
FRTSLE16UBQV,FRTSLP32189
FRTSLE0DN2WB,FRTSLP30246
FRTSLE0DN2W9,FRTSLP30246
FRTSLE0DN2WH,FRTSLP30246
FRTSLE00Q356,FRTSLP33176
FRTSLE0DN2WF,FRTSLP30246
FRTSLE0DN2WD,FRTSLP30246
FRTSLE0K3GSF,FRTSLP31397
FRTSLE00033Z,FRTSLP28609
FRTSLE00033D,FRTSLP28609
FRTSLE000349,FRTSLP28609
FRTSLE00033L,FRTSLP28609
FRTSLE00033H,FRTSLP28609
FRTSLE1J0PDK,FRTSLP45349
FRTSLE0004LF,FRTSLP3826
FRTSLE0004LX,FRTSLP3826
FRTSLE00043J,FRTSLP1774
FRTSLE0006T2,FRTSLP3017
FRTSLE000453,FRTSLP1724
FRTSLE000489,FRTSLP1745
FRTSLE00043V,FRTSLP1774
FRTSLE0003YB,FRTSLP1756
FRTSLE00049H,FRTSLP1749
FRTSLE0004A1,FRTSLP5362
FRTSLE0005VP,FRTSLP31398
FRTSLE0005V5,FRTSLP31398
FRTSLE0003RZ,FRTSLP2566
FRTSLE0006T4,FRTSLP3017
FRTSLE000443,FRTSLP7137
FRTSLE000409,FRTSLP1747
FRTSLE0003R3,FRTSLP3318
FRTSLE0003RV,FRTSLP2566
FRTSLE0003RF,FRTSLP2566
FRTSLE0003YN,FRTSLP1756
FRTSLE00044H,FRTSLP1754
FRTSLE0003R7,FRTSLP2566
FRTSLE0003WB,FRTSLP13281
FRTSLE0003YL,FRTSLP1756
FRTSLE0003FB,FRTSLP3319
FRTSLE0003M5,FRTSLP1733
FRTSLE0003VV,FRTSLP13281
FRTSLE0006SY,FRTSLP3017
FRTSLE00043N,FRTSLP1774
FRTSLE0003OV,FRTSLP1723
FRTSLE0003W7,FRTSLP13281
FRTSLE00044T,FRTSLP1724
FRTSLE0003WJ,FRTSLP13281
FRTSLE00044B,FRTSLP7137
FRTSLE000449,FRTSLP7137
FRTSLE00078O,FRTSLP1770
FRTSLE00047J,FRTSLP1760
FRTSLE0003P5,FRTSLP1723
FRTSLE0LAYPC,FRTSLP34053
FRTSLE00049F,FRTSLP1749
FRTSLE0005AT,FRTSLP26192
FRTSLE0005AZ,FRTSLP26192
FRTSLE0005AB,FRTSLP26192
FRTSLE0005AV,FRTSLP26192
FRTSLE0005AP,FRTSLP26192
FRTSLE0005GJ,FRTSLP30254
FRTSLE0005GH,FRTSLP30254
FRTSLE0005GD,FRTSLP30254
FRTSLE0005GN,FRTSLP30254
FRTSLE0005FN,FRTSLP30254
FRTSLE0005GL,FRTSLP30254
FRTSLE0003RT,FRTSLP2566
FRTSLE00040D,FRTSLP1747
FRTSLE00078K,FRTSLP1770
FRTSLE0003M3,FRTSLP1733
FRTSLE00LVRJ,FRTSLP33154
FRTSLE00LVKV,FRTSLP33154
FRTSLE00LVRL,FRTSLP33154
FRTSLE000441,FRTSLP7137
FRTSLE0004BN,FRTSLP1731
FRTSLE00040N,FRTSLP1747
FRTSLE0PBNDE,FRTSLP5147
FRTSLE0003P1,FRTSLP1723
FRTSLE41R3SC,FRTSLP30245
FRTSLE41R3SN,FRTSLP30245
FRTSLE0PBNKE,FRTSLP5147
FRTSLE0PBNLZ,FRTSLP5147
FRTSLE0004PJ,FRTSLP16321
FRTSLE0006T6,FRTSLP3017
FRTSLE0TWJ6M,FRTSLP5147
FRTSLE0PBNO2,FRTSLP5147
FRTSLE3YHSOR,FRTSLP59414
FRTSLE0DVGV5,FRTSLP3439
FRTSLE0LAYND,FRTSLP34053
FRTSLE0003P9,FRTSLP1723
FRTSLE0003LH,FRTSLP2583
FRTSLE0005AX,FRTSLP26192
FRTSLE0005A7,FRTSLP26192
FRTSLE0003PD,FRTSLP1723
FRTSLE0DVHCY,FRTSLP3439
FRTSLE0003OT,FRTSLP1723
FRTSLE00033X,FRTSLP28609
FRTSLE00033V,FRTSLP28609
FRTSLE00033J,FRTSLP28609
FRTSLE0005AH,FRTSLP26192
FRTSLE0BT7I8,FRTSLP3439
FRTSLE0004HL,FRTSLP1744
FRTSLE0TWJ9V,FRTSLP5147
FRTSLE0003OZ,FRTSLP1723
FRTSLE0DV7D1,FRTSLP3439
FRTSLE0BT7PU,FRTSLP3439
FRTSLE0003OF,FRTSLP9507
FRTSLE00049D,FRTSLP1749
FRTSLE0005G9,FRTSLP30254
FRTSLE0005GB,FRTSLP30254
FRTSLE000445,FRTSLP7137
FRTSLE0LAYNE,FRTSLP34053
FRTSLE0BT7IE,FRTSLP3439
FRTSLE0003O5,FRTSLP9507
FRTSLE0006TC,FRTSLP3017
FRTSLE120BXQ,FRTSLP9507
FRTSLE0003W5,FRTSLP13281
FRTSLE00044L,FRTSLP1754
FRTSLE0005FF,FRTSLP29508
FRTSLE0005FL,FRTSLP29508
FRTSLE0005FB,FRTSLP29508
FRTSLE00037B,FRTSLP28456
FRTSLE00037F,FRTSLP28456
FRTSLE00LVN1,FRTSLP33154
FRTSLE000373,FRTSLP28456
FRTSLE0BT7CH,FRTSLP3439
FRTSLE1J0PF0,FRTSLP45349
FRTSLE00036X,FRTSLP28456
FRTSLE000379,FRTSLP28456
FRTSLE0DN2W5,FRTSLP30246
FRTSLE0006SS,FRTSLP3017
FRTSLE5A35K4,FRTSLP3305
FRTSLE120BQY,FRTSLP9507
FRTSLE00048P,FRTSLP2819
FRTSLE000375,FRTSLP28456
FRTSLE00043P,FRTSLP1774
FRTSLE00036V,FRTSLP28456
FRTSLE00037V,FRTSLP28456
FRTSLE000377,FRTSLP28456
FRTSLE0003LJ,FRTSLP2583
FRTSLE1655EH,FRTSLP3018
FRTSLE0003G9,FRTSLP3305
FRTSLE120BTM,FRTSLP9507
FRTSLE1J0PDW,FRTSLP45349
FRTSLE1J0PEK,FRTSLP45349
FRTSLE0DVHEO,FRTSLP3439
FRTSLE5A38PZ,FRTSLP3305
FRTSLE0003F7,FRTSLP3319
FRTSLE0003QN,FRTSLP3318
FRTSLE0BT7PW,FRTSLP3439
FRTSLE00044J,FRTSLP1754
FRTSLE0003GH,FRTSLP3305
FRTSLE0003QP,FRTSLP3318
FRTSLE0DVH7J,FRTSLP3439
FRTSLE0I1VFB,FRTSLP34046
FRTSLE000485,FRTSLP1745
FRTSLE0003YH,FRTSLP1756
FRTSLE0003O3,FRTSLP9507
FRTSLE0004BP,FRTSLP1731
FRTSLE0JYZXF,FRTSLP3439
FRTSLE0BT795,FRTSLP3439
FRTSLE0DKXTS,FRTSLP30251
FRTSLE00044V,FRTSLP1724
FRTSLE1J0PEJ,FRTSLP45349
FRTSLE0003W3,FRTSLP13281
FRTSLE00078I,FRTSLP1770
FRTSLE00044F,FRTSLP1754
FRTSLE0J8S09,FRTSLP33194
FRTSLE0DLDX1,FRTSLP30234
FRTSLE0DLDWZ,FRTSLP30234
FRTSLE000451,FRTSLP1724
FRTSLE00LVN3,FRTSLP33154
FRTSLE0JQDGM,FRTSLP34042
FRTSLE0BT7IA,FRTSLP3439
FRTSLE0BT7CF,FRTSLP3439
FRTSLE00048H,FRTSLP1745
FRTSLE0003G3,FRTSLP3305
FRTSLE0BT7CJ,FRTSLP3439
FRTSLE0003G5,FRTSLP3305
FRTSLE00044P,FRTSLP1724
FRTSLE00034B,FRTSLP28609
FRTSLE000339,FRTSLP28609
FRTSLE000341,FRTSLP28609
FRTSLE0J8S07,FRTSLP33194
FRTSLE0003OX,FRTSLP1723
FRTSLE0003OH,FRTSLP9507
FRTSLE0I1VF3,FRTSLP34046
FRTSLE0BT7C5,FRTSLP3439
FRTSLE0004A5,FRTSLP5362
FRTSLE0JQDGS,FRTSLP34042
FRTSLE0003OJ,FRTSLP9507
FRTSLE0JQDGJ,FRTSLP34042
FRTSLE0JQDGI,FRTSLP34042
FRTSLE0J8S0B,FRTSLP33194
FRTSLE0003OB,FRTSLP9507
FRTSLE0JQDGA,FRTSLP34042
FRTSLE0004FF,FRTSLP7322
FRTSLE0004FH,FRTSLP7322
FRTSLE0JQDGG,FRTSLP34042
FRTSLE0003OR,FRTSLP1723
FRTSLE0J8S0E,FRTSLP33194
FRTSLE0004F3,FRTSLP7322
FRTSLE0JQDGF,FRTSLP34042
FRTSLE0J8S0C,FRTSLP33194
FRTSLE0003FD,FRTSLP3319
FRTSLE0004F7,FRTSLP7322
FRTSLE0JQDGC,FRTSLP34042
FRTSLE0004FB,FRTSLP7322
FRTSLE0004FD,FRTSLP7322
FRTSLE0004F9,FRTSLP7322
FRTSLE5A35K5,FRTSLP3305
FRTSLE1FBIOZ,FRTSLP3439
FRTSLE0J8S0A,FRTSLP33194
FRTSLE0DVGWT,FRTSLP3439
FRTSLE0003ON,FRTSLP9507
FRTSLE0DVH0H,FRTSLP3439
FRTSLE0I1VF7,FRTSLP34046
FRTSLE0004F5,FRTSLP7322
FRTSLE0J8S0G,FRTSLP33194
FRTSLE0003LX,FRTSLP2583
FRTSLE0DLDWX,FRTSLP30234
FRTSLE0003LT,FRTSLP2583
FRTSLE0DLDWV,FRTSLP30234
FRTSLE0J8S0D,FRTSLP33194
FRTSLE0005V3,FRTSLP31398
FRTSLE00033R,FRTSLP28609
FRTSLE0005VJ,FRTSLP31398
FRTSLE0003QT,FRTSLP3318
FRTSLE0005VN,FRTSLP31398
FRTSLE0003LL,FRTSLP2583
FRTSLE41R3XA,FRTSLP30245
FRTSLE41R3WY,FRTSLP30245
FRTSLE0JQDGK,FRTSLP34042
FRTSLE0J8S0H,FRTSLP33194
FRTSLE0I1VD5,FRTSLP34046
FRTSLE3YHRI2,FRTSLP59414
FRTSLE3YHSH3,FRTSLP59414
FRTSLE3YHT5J,FRTSLP59414
FRTSLE3YHTHM,FRTSLP59414
FRTSLE3YHTV9,FRTSLP59414
FRTSLE0003OD,FRTSLP9507
FRTSLE120B2V,FRTSLP9507
FRTSLE0I1VD6,FRTSLP34046
FRTSLE120BJV,FRTSLP9507
FRTSLE0DVHC4,FRTSLP3439
FRTSLE5A35K8,FRTSLP3305
FRTSLE5A35K7,FRTSLP3305
FRTSLE0I1VD0,FRTSLP34046
FRTSLE0J8XZU,FRTSLP33194
FRTSLE0JQDGQ,FRTSLP34042
FRTSLE0I1VB9,FRTSLP34046
FRTSLE0BT7PS,FRTSLP3439
FRTSLE0DLDWN,FRTSLP30234
FRTSLE0003NX,FRTSLP9507
FRTSLE0DLDWR,FRTSLP30234
FRTSLE1BLLJQ,FRTSLP9507
FRTSLE0DVH3X,FRTSLP3439
FRTSLE0BT791,FRTSLP3439
FRTSLE0I1VDA,FRTSLP34046
FRTSLE0003GF,FRTSLP3305
FRTSLE0004MP,FRTSLP3019
FRTSLE00037N,FRTSLP28456
FRTSLE00037R,FRTSLP28456
FRTSLE00037T,FRTSLP28456
FRTSLE00037P,FRTSLP28456
FRTSLE00037H,FRTSLP28456
FRTSLE00037D,FRTSLP28456
FRTSLE000371,FRTSLP28456
FRTSLE0EB5T8,FRTSLP26558
FRTSLE0J8S06,FRTSLP33194
FRTSLE0JQDGN,FRTSLP34042
FRTSLE0J8S0F,FRTSLP33194
FRTSLE0DLDWP,FRTSLP30234
FRTSLE0EB5TJ,FRTSLP26558
FRTSLE0EB5T3,FRTSLP26558
FRTSLE0EB5TC,FRTSLP26558
FRTSLE0004PT,FRTSLP16321
FRTSLE0EB5T5,FRTSLP26558
FRTSLE0EB5TK,FRTSLP26558
FRTSLE0EB5T2,FRTSLP26558
FRTSLE0J8XZV,FRTSLP33194
FRTSLE0JQDGD,FRTSLP34042
FRTSLE0J8XZT,FRTSLP33194
FRTSLE0EB5TL,FRTSLP26558
FRTSLE0DLDWT,FRTSLP30234
FRTSLE0JQDGB,FRTSLP34042
FRTSLE0JQDGP,FRTSLP34042
FRTSLE0EB5T1,FRTSLP26558
FRTSLE0JQDGH,FRTSLP34042
FRTSLE0J8XZW,FRTSLP33194
FRTSLE0VU4UM,FRTSLP26558
FRTSLE0J8S08,FRTSLP33194
FRTSLE0EB5TH,FRTSLP26558
FRTSLE0003F3,FRTSLP3319
FRTSLE0JQDGR,FRTSLP34042
FRTSLE0004PP,FRTSLP16321
FRTSLE15YAAE,FRTSLP3018
FRTSLE0004PN,FRTSLP16321
FRTSLE0EB5TA,FRTSLP26558
FRTSLE0EB5T7,FRTSLP26558
FRTSLE0EB5T4,FRTSLP26558
FRTSLE0EB5TD,FRTSLP26558
FRTSLE0EB5TO,FRTSLP26558
FRTSLE0EB5T6,FRTSLP26558
FRTSLE0003G7,FRTSLP3305
FRTSLE0EB5TB,FRTSLP26558
FRTSLE0EB5TE,FRTSLP26558
FRTSLE0003OL,FRTSLP9507
FRTSLE0DV7C3,FRTSLP3439
FRTSLE0EB5TF,FRTSLP26558
FRTSLE0EB5TM,FRTSLP26558
FRTSLE0EB5T9,FRTSLP26558
FRTSLE0003O7,FRTSLP9507
FRTSLE0EB5TG,FRTSLP26558
FRTSLE0EB5TN,FRTSLP26558
FRTSLE0I1VD9,FRTSLP34046
FRTSLE0EB5TI,FRTSLP26558
FRTSLE0I1VFI,FRTSLP34046
FRTSLE120BR0,FRTSLP9507
FRTSLE0004HP,FRTSLP1744
FRTSLE0004HJ,FRTSLP1744
FRTSLE5A35K6,FRTSLP3305
FRTSLE0I1VET,FRTSLP34046
FRTSLE0004Q3,FRTSLP16321
FRTSLE0005FT,FRTSLP30254
FRTSLE0004PZ,FRTSLP16321
FRTSLE0003FJ,FRTSLP3319
FRTSLE0003F5,FRTSLP3319
FRTSLE0003OP,FRTSLP9507
FRTSLE0I1VDG,FRTSLP34046
FRTSLE0003NZ,FRTSLP9507
FRTSLE0005UV,FRTSLP31398
FRTSLE0005UZ,FRTSLP31398
FRTSLE0005VF,FRTSLP31398
FRTSLE0005UX,FRTSLP31398
FRTSLE0I1VD3,FRTSLP34046
FRTSLE0005VB,FRTSLP31398
FRTSLE0I1VEY,FRTSLP34046
FRTSLE0DXV4H,FRTSLP33155
FRTSLE0DXV3Z,FRTSLP33155
FRTSLE41R3TP,FRTSLP30245
FRTSLE41R3SK,FRTSLP30245
FRTSLE41R3SG,FRTSLP30245
FRTSLE41R3X3,FRTSLP30245
FRTSLE0005GV,FRTSLP30254
FRTSLE0005FZ,FRTSLP30254
FRTSLE1JGO9K,FRTSLP413628
FRTSLE3YHUE2,FRTSLP59414
FRTSLE1JGODF,FRTSLP413628
FRTSLE0005BL,FRTSLP27742
FRTSLE0005BZ,FRTSLP27742
FRTSLE0005C3,FRTSLP27742
FRTSLE0005CB,FRTSLP27742
FRTSLE0005C9,FRTSLP27742
FRTSLE0005BR,FRTSLP27742
FRTSLE0005B5,FRTSLP27742
FRTSLE0005CF,FRTSLP27742
FRTSLE0005CL,FRTSLP27742
FRTSLE1JGOJS,FRTSLP413628
FRTSLE0005CH,FRTSLP27742
FRTSLE0005BP,FRTSLP27742
FRTSLE4PVXZ1,FRTSLP30251
FRTSLE0005C5,FRTSLP27742
FRTSLE0005B3,FRTSLP27742
FRTSLE0005BN,FRTSLP27742
FRTSLE0005C7,FRTSLP27742
FRTSLE0005CD,FRTSLP27742
FRTSLE0005BV,FRTSLP27742
FRTSLE0005BB,FRTSLP27742
FRTSLE0005BX,FRTSLP27742
FRTSLE0005BT,FRTSLP27742
FRTSLE0005C1,FRTSLP27742
FRTSLE0005BD,FRTSLP27742
FRTSLE0005B7,FRTSLP27742
FRTSLE0005BH,FRTSLP27742
FRTSLE0005BJ,FRTSLP27742
FRTSLE0005BF,FRTSLP27742
FRTSLE0005B9,FRTSLP27742
FRTSLE0005CJ,FRTSLP27742
FRTSLE0004Q1,FRTSLP16321
FRTSLE1JGOFT,FRTSLP413628
FRTSLE0004QH,FRTSLP16321
FRTSLE0005VH,FRTSLP31398
FRTSLE0003LV,FRTSLP2583
FRTSLE0DXV3W,FRTSLP33155
FRTSLE0004HN,FRTSLP1744
FRTSLE0005VD,FRTSLP31398
FRTSLE0005V7,FRTSLP31398
FRTSLE0005VL,FRTSLP31398
FRTSLE1658HS,FRTSLP3018
FRTSLE0DXV47,FRTSLP33155
FRTSLE0DXV4G,FRTSLP33155
FRTSLE0004HH,FRTSLP1744
FRTSLE00078M,FRTSLP1770
FRTSLE2IP201,FRTSLP3318
FRTSLE2IP6RG,FRTSLP3318
FRTSLE0003S1,FRTSLP2566
FRTSLE0003YD,FRTSLP1756
FRTSLE0004PX,FRTSLP16321
FRTSLE000401,FRTSLP1747
FRTSLE0003FH,FRTSLP3319
FRTSLE0003YP,FRTSLP1756
FRTSLE0006SW,FRTSLP3017
FRTSLE00048B,FRTSLP1745
FRTSLE16LX0F,FRTSLP3018
FRTSLE000497,FRTSLP3018
FRTSLE000493,FRTSLP3018
FRTSLE00048R,FRTSLP3018
FRTSLE0003M9,FRTSLP1767
FRTSLE00040P,FRTSLP1747
FRTSLE00048J,FRTSLP2819
FRTSLE0004BJ,FRTSLP1731
FRTSLE0003RX,FRTSLP2566
FRTSLE0003F1,FRTSLP3319
FRTSLE0004PR,FRTSLP16321
FRTSLE0003YJ,FRTSLP1756
FRTSLE0004CD,FRTSLP1719
FRTSLE0003MJ,FRTSLP1767
FRTSLE0003MF,FRTSLP1767
FRTSLE00049L,FRTSLP1749
FRTSLE00049Z,FRTSLP5362
FRTSLE00048F,FRTSLP1745
FRTSLE00048D,FRTSLP1745
FRTSLE00049V,FRTSLP5362
FRTSLE00049J,FRTSLP1749
FRTSLE0004QB,FRTSLP16321
FRTSLE16LWVL,FRTSLP3018
FRTSLE0003WF,FRTSLP13281
FRTSLE0005GP,FRTSLP30254
FRTSLE0005GF,FRTSLP30254
FRTSLE0005G3,FRTSLP30254
FRTSLE0DXV3Y,FRTSLP33155
FRTSLE0005G1,FRTSLP30254
FRTSLE0DXV48,FRTSLP33155
FRTSLE0DXV3S,FRTSLP33155
FRTSLE0DXV40,FRTSLP33155
FRTSLE0003LB,FRTSLP2583
FRTSLE0003F9,FRTSLP3319
FRTSLE4PVXZ2,FRTSLP30251
FRTSLE0005A3,FRTSLP26192
FRTSLE0005B1,FRTSLP26192
FRTSLE0005A5,FRTSLP26192
FRTSLE00059Z,FRTSLP26192
FRTSLE0005AN,FRTSLP26192
FRTSLE0005A1,FRTSLP26192
FRTSLE0005AL,FRTSLP26192
FRTSLE10F7SG,FRTSLP5432
FRTSLE0DXV42,FRTSLP33155
FRTSLE0TLLKM,FRTSLP5177
FRTSLE00042T,FRTSLP1764
FRTSLE00042P,FRTSLP1764
FRTSLE0004J9,FRTSLP5432
FRTSLE0004JD,FRTSLP5432
FRTSLE0DXV49,FRTSLP33155
FRTSLE0DXV3V,FRTSLP33155
FRTSLE0004B1,FRTSLP5177
FRTSLE10VUVP,FRTSLP17477
FRTSLE0005FX,FRTSLP30254
FRTSLE0005G5,FRTSLP30254
FRTSLE10VV04,FRTSLP17477
FRTSLE0JH48F,FRTSLP29658
FRTSLE0TLLGG,FRTSLP5177
FRTSLE000407,FRTSLP1747
FRTSLE0JH48B,FRTSLP29658
FRTSLE0JH48N,FRTSLP29658
FRTSLE0004AJ,FRTSLP5177
FRTSLE0004AX,FRTSLP5177
FRTSLE0004AD,FRTSLP5177
FRTSLE16LWFY,FRTSLP3018
FRTSLE0004Q9,FRTSLP16321
FRTSLE0004A7,FRTSLP5177
FRTSLE0004WR,FRTSLP17477
FRTSLE10VUUP,FRTSLP17477
FRTSLE1A7GHA,FRTSLP30250
FRTSLE0DXV43,FRTSLP33155
FRTSLE0TBSL9,FRTSLP1740
FRTSLE1A7GH8,FRTSLP30250
FRTSLE0004WZ,FRTSLP17477
FRTSLE1A7GHC,FRTSLP30250
FRTSLE0004X3,FRTSLP17477
FRTSLE0006T8,FRTSLP3017
FRTSLE1JGO9M,FRTSLP413628
FRTSLE0005AF,FRTSLP26192
FRTSLE0005AD,FRTSLP26192
FRTSLE0005AR,FRTSLP26192
FRTSLE0004XD,FRTSLP17477
FRTSLE0TLLKK,FRTSLP5177
FRTSLE0JH48K,FRTSLP29658
FRTSLE0TLLFD,FRTSLP5177
FRTSLE0004WX,FRTSLP17477
FRTSLE1JGO9N,FRTSLP413628
FRTSLE0004AP,FRTSLP5177
FRTSLE0004X7,FRTSLP17477
FRTSLE10F7TQ,FRTSLP5432
FRTSLE10F7T1,FRTSLP5432
FRTSLE1A7GH3,FRTSLP30250
FRTSLE0S664R,FRTSLP1740
FRTSLE0004X1,FRTSLP17477
FRTSLE0004ML,FRTSLP3019
FRTSLE0004MT,FRTSLP3019
FRTSLE0JH48J,FRTSLP29658
FRTSLE0TBSKQ,FRTSLP1740
FRTSLE10VV08,FRTSLP17477
FRTSLE16M22V,FRTSLP3018
FRTSLE10VV09,FRTSLP17477
FRTSLE0004XR,FRTSLP17477
FRTSLE0TLLGH,FRTSLP5177
FRTSLE0S664I,FRTSLP1740
FRTSLE162XE3,FRTSLP3018
FRTSLE0004JF,FRTSLP5432
FRTSLE0004J7,FRTSLP5432
FRTSLE00042V,FRTSLP1764
FRTSLE00042F,FRTSLP1764
FRTSLE0TBSFU,FRTSLP1740
FRTSLE00042R,FRTSLP1764
FRTSLE1A7GHD,FRTSLP30250
FRTSLE00042N,FRTSLP1764
FRTSLE0004AT,FRTSLP5177
FRTSLE3SDUNP,FRTSLP444455
FRTSLE0004XL,FRTSLP17477
FRTSLE1A7GH5,FRTSLP30250
FRTSLE3SDUNI,FRTSLP444455
FRTSLE0DKXU2,FRTSLP30251
FRTSLE0JH48M,FRTSLP29658
FRTSLE0JH48L,FRTSLP29658
FRTSLE41R3SQ,FRTSLP30245
FRTSLE00042L,FRTSLP1764
FRTSLE000431,FRTSLP1764
FRTSLE00042J,FRTSLP1764
FRTSLE00042X,FRTSLP1764
FRTSLE0004JB,FRTSLP5432
FRTSLE0004JL,FRTSLP5432
FRTSLE1A7GH4,FRTSLP30250
FRTSLE1A7GH7,FRTSLP30250
FRTSLE0004XB,FRTSLP17477
FRTSLE0004X9,FRTSLP17477
FRTSLE0004XN,FRTSLP17477
FRTSLE0004XP,FRTSLP17477
FRTSLE10VUVO,FRTSLP17477
FRTSLE3YHU3W,FRTSLP59414
FRTSLE0004X5,FRTSLP17477
FRTSLE0S664G,FRTSLP1740
FRTSLE0JH48H,FRTSLP29658
FRTSLE0S664L,FRTSLP1740
FRTSLE000487,FRTSLP1745
FRTSLE000455,FRTSLP1724
FRTSLE1A7GHG,FRTSLP30250
FRTSLE1A7GHE,FRTSLP30250
FRTSLE1A7GH9,FRTSLP30250
FRTSLE0TLLHH,FRTSLP5177
FRTSLE0S664J,FRTSLP1740
FRTSLE0004AL,FRTSLP5177
FRTSLE10F7SH,FRTSLP5432
FRTSLE0004XJ,FRTSLP17477
FRTSLE0TBSKB,FRTSLP1740
FRTSLE0D8H9F,FRTSLP30257
FRTSLE0TBSFJ,FRTSLP1740
FRTSLE0TLLCO,FRTSLP5177
FRTSLE0004WV,FRTSLP17477
FRTSLE0TLLLQ,FRTSLP5177
FRTSLE1A7GGZ,FRTSLP30250
FRTSLE0D8H9J,FRTSLP30257
FRTSLE0004MV,FRTSLP3019
FRTSLE0D8H9B,FRTSLP30257
FRTSLE0D8H9X,FRTSLP30257
FRTSLE0S664Q,FRTSLP1740
FRTSLE1A7GHF,FRTSLP30250
FRTSLE0JH48D,FRTSLP29658
FRTSLE0003RN,FRTSLP2566
FRTSLE0003RD,FRTSLP2566
FRTSLE0003R5,FRTSLP3318
FRTSLE0003RP,FRTSLP2566
FRTSLE0003W9,FRTSLP13281
FRTSLE00044N,FRTSLP1724
FRTSLE10F7SE,FRTSLP5432
FRTSLE0003LZ,FRTSLP1733
FRTSLE0003ZZ,FRTSLP1747
FRTSLE00040J,FRTSLP1747
FRTSLE1A7GFK,FRTSLP30250
FRTSLE0CGDKB,FRTSLP33831
FRTSLE0CGDUL,FRTSLP33831
FRTSLE0CGEA1,FRTSLP33831
FRTSLE0JH48G,FRTSLP29658
FRTSLE3SDUNM,FRTSLP444455
FRTSLE0CGE0X,FRTSLP33831
FRTSLE0CGE11,FRTSLP33831
FRTSLE0TLLDR,FRTSLP5177
FRTSLE0DXV3U,FRTSLP33155
FRTSLE0DXV4I,FRTSLP33155
FRTSLE0DXV3R,FRTSLP33155
FRTSLE0DXV4D,FRTSLP33155
FRTSLE3SDUNO,FRTSLP444455
FRTSLE165B4G,FRTSLP3018
FRTSLE0DXV3T,FRTSLP33155
FRTSLE1A7GH1,FRTSLP30250
FRTSLE1A7GH2,FRTSLP30250
FRTSLE0004HB,FRTSLP1744
FRTSLE0004HD,FRTSLP1744
FRTSLE0CGDML,FRTSLP33831
FRTSLE0DXV4F,FRTSLP33155
FRTSLE0DXV4C,FRTSLP33155
FRTSLE0CGDKD,FRTSLP33831
FRTSLE0CGE0V,FRTSLP33831
FRTSLE0DXV4A,FRTSLP33155
FRTSLE0003FF,FRTSLP3319
FRTSLE0TBSFT,FRTSLP1740
FRTSLE0004WT,FRTSLP17477
FRTSLE0TLLHB,FRTSLP5177
FRTSLE0003RR,FRTSLP2566
FRTSLE0004A9,FRTSLP5177
FRTSLE0S664H,FRTSLP1740
FRTSLE0JH48I,FRTSLP29658
FRTSLE10VUYC,FRTSLP17477
FRTSLE0DXV44,FRTSLP33155
FRTSLE0004HF,FRTSLP1744
FRTSLE1A7GGY,FRTSLP30250
FRTSLE0004XH,FRTSLP17477
FRTSLE1JGO9R,FRTSLP413628
FRTSLE0TBSJM,FRTSLP1740
FRTSLE0004XT,FRTSLP17477
FRTSLE10F7T0,FRTSLP5432
FRTSLE10F7SF,FRTSLP5432
FRTSLE0004AZ,FRTSLP5177
FRTSLE0TLLD5,FRTSLP5177
FRTSLE0004AN,FRTSLP5177
FRTSLE00071G,FRTSLP3045
FRTSLE00071E,FRTSLP3045
FRTSLE00071K,FRTSLP3045
FRTSLE00071I,FRTSLP3045
FRTSLE00071M,FRTSLP3045
FRTSLE1A7GHH,FRTSLP30250
FRTSLE0DXV46,FRTSLP33155
FRTSLE0TLLHD,FRTSLP5177
FRTSLE0TLLLR,FRTSLP5177
FRTSLE0004AF,FRTSLP5177
FRTSLE0JH48C,FRTSLP29658
FRTSLE0004XF,FRTSLP17477
FRTSLE0004AH,FRTSLP5177
FRTSLE10VUVN,FRTSLP17477
FRTSLE000495,FRTSLP3018
FRTSLE000491,FRTSLP3018
FRTSLE0003MB,FRTSLP1767
FRTSLE0S664K,FRTSLP1740
FRTSLE0D8H9P,FRTSLP30257
FRTSLE0D8H9N,FRTSLP30257
FRTSLE0D8HA1,FRTSLP30257
FRTSLE0D8H9Z,FRTSLP30257
FRTSLE0004AV,FRTSLP5177
FRTSLE0004AR,FRTSLP5177
FRTSLE000718,FRTSLP3045
FRTSLE0003MD,FRTSLP1767
FRTSLE0004JJ,FRTSLP5432
FRTSLE0004JH,FRTSLP5432
FRTSLE00042H,FRTSLP1764
FRTSLE000499,FRTSLP3018
FRTSLE00048Z,FRTSLP3018
FRTSLE00042Z,FRTSLP1764
FRTSLE10F7TN,FRTSLP5432
FRTSLE0TBSJL,FRTSLP1740
FRTSLE0004AB,FRTSLP5177
FRTSLE3SDUNK,FRTSLP444455
FRTSLE3SDUNH,FRTSLP444455
FRTSLE1A7GH0,FRTSLP30250
FRTSLE1A7GH6,FRTSLP30250
FRTSLE0TLLFC,FRTSLP5177
FRTSLE72HDTZ,FRTSLP30258
FRTSLE0DXV45,FRTSLP33155
FRTSLE0DXV4B,FRTSLP33155
FRTSLE0DXV4E,FRTSLP33155
FRTSLE0003KB,FRTSLP1727
FRTSLE0DXV3X,FRTSLP33155
FRTSLE162UHJ,FRTSLP3018
FRTSLE0006SU,FRTSLP3017
FRTSLE0003WP,FRTSLP13281
FRTSLE00043T,FRTSLP1774
FRTSLE0003ZX,FRTSLP1747
FRTSLE16599A,FRTSLP3018
FRTSLE0D8H9R,FRTSLP30257
FRTSLE0D8H9D,FRTSLP30257
FRTSLE0D8H9V,FRTSLP30257
FRTSLE0D8H9L,FRTSLP30257
FRTSLE0D8HA5,FRTSLP30257
FRTSLE0D8H9H,FRTSLP30257
FRTSLE0003VZ,FRTSLP13281
FRTSLE00071A,FRTSLP3045
FRTSLE0004MF,FRTSLP3019
FRTSLE00044X,FRTSLP1724
FRTSLE0004MH,FRTSLP3019
FRTSLE0004MX,FRTSLP3019
FRTSLE0004MN,FRTSLP3019
FRTSLE0003R1,FRTSLP3318
FRTSLE16LXPX,FRTSLP3018
FRTSLE0004OX,FRTSLP17909
FRTSLE0004P1,FRTSLP17909
FRTSLE0003QZ,FRTSLP3318
FRTSLE00044D,FRTSLP7137
FRTSLE0003RL,FRTSLP2566
FRTSLE0003YF,FRTSLP1756
FRTSLE0DKXTW,FRTSLP30251
FRTSLE0003KD,FRTSLP1727
FRTSLE0CF32L,FRTSLP30140
FRTSLE0006SQ,FRTSLP3017
FRTSLE1JGO9S,FRTSLP413628
FRTSLE0003QX,FRTSLP3318
FRTSLE0DKXTU,FRTSLP30251
FRTSLE0006TA,FRTSLP3017
FRTSLE0003K9,FRTSLP1727
FRTSLE0003W1,FRTSLP13281
FRTSLE0003K7,FRTSLP1727
FRTSLE000447,FRTSLP7137
FRTSLE00044Z,FRTSLP1724
FRTSLE0CGDMP,FRTSLP33831
FRTSLE0CGE9X,FRTSLP33831
FRTSLE00043R,FRTSLP1774
FRTSLE0003JZ,FRTSLP1727
FRTSLE0003K1,FRTSLP1727
FRTSLE0003K3,FRTSLP1727
FRTSLE0D8HA3,FRTSLP30257
FRTSLE0D8H9T,FRTSLP30257
FRTSLE00078U,FRTSLP1770
FRTSLE000405,FRTSLP1747
FRTSLE0003WL,FRTSLP13281
FRTSLE000403,FRTSLP1747
FRTSLE0003WD,FRTSLP13281
FRTSLE0003RJ,FRTSLP2566
FRTSLE0CGDMJ,FRTSLP33831
FRTSLE0004BL,FRTSLP1731
FRTSLE00049N,FRTSLP5362
FRTSLE0004C7,FRTSLP1719
FRTSLE5CQRXD,FRTSLP1728
FRTSLE5CQRX1,FRTSLP1728
FRTSLE0003J5,FRTSLP1728
FRTSLE00043L,FRTSLP1774
FRTSLE00071C,FRTSLP3045
FRTSLE0IPVZT,FRTSLP30140
FRTSLE0003K5,FRTSLP1727
FRTSLE0003JB,FRTSLP1728
FRTSLE0DXV41,FRTSLP33155
FRTSLE0005H7,FRTSLP29935
FRTSLE0Q2GO7,FRTSLP29935
FRTSLE0005HH,FRTSLP29935
FRTSLE00040B,FRTSLP1747
FRTSLE0003R9,FRTSLP2566
FRTSLE0005GZ,FRTSLP29935
FRTSLE00048L,FRTSLP2819
FRTSLE00048N,FRTSLP2819
FRTSLE2IOVLF,FRTSLP3318
FRTSLE0DKXU4,FRTSLP30251
FRTSLE0Q2GLY,FRTSLP29935
FRTSLE0Q2GN5,FRTSLP29935
FRTSLE0005HB,FRTSLP29935
FRTSLE0Q2GM1,FRTSLP29935
FRTSLE0003UX,FRTSLP1759
FRTSLE0Q2GNA,FRTSLP29935
FRTSLE0005HL,FRTSLP29935
FRTSLE0005HJ,FRTSLP29935
FRTSLE0005HF,FRTSLP29935
FRTSLE0005H3,FRTSLP29935
FRTSLE0Q2GOA,FRTSLP29935
FRTSLE0Q2GN2,FRTSLP29935
FRTSLE0005HD,FRTSLP29935
FRTSLE0Q2GM0,FRTSLP29935
FRTSLE0DKXU0,FRTSLP30251
FRTSLE72HDU1,FRTSLP30258
FRTSLE72HDU0,FRTSLP30258
FRTSLE0Q2GN9,FRTSLP29935
FRTSLE0005H1,FRTSLP29935
FRTSLE0005H9,FRTSLP29935
FRTSLE0Q2GLG,FRTSLP29935
FRTSLE0005HP,FRTSLP29935
FRTSLE5CQRWT,FRTSLP1728
FRTSLE0005HR,FRTSLP29935
FRTSLE0005H5,FRTSLP29935
FRTSLE0005HT,FRTSLP29935
FRTSLE0IPW0N,FRTSLP30140
FRTSLE0IPW0X,FRTSLP30140
FRTSLE0Q2GO9,FRTSLP29935
FRTSLE0Q2GLZ,FRTSLP29935
FRTSLE0004DZ,FRTSLP7138
FRTSLE0005HN,FRTSLP29935
FRTSLE1JGO9L,FRTSLP413628
FRTSLE4PVXZ3,FRTSLP30251
FRTSLE16M1R1,FRTSLP3018
FRTSLE0004MJ,FRTSLP3019
FRTSLE0004MR,FRTSLP3019
FRTSLE00043X,FRTSLP1774
FRTSLE0CF31P,FRTSLP30140
FRTSLE0004U1,FRTSLP16734
FRTSLE0KYG0D,FRTSLP1759
FRTSLE16M2M9,FRTSLP3018
FRTSLE00040F,FRTSLP1747
FRTSLE0004CB,FRTSLP1719
FRTSLE00038B,FRTSLP1755
FRTSLE0CF31B,FRTSLP30140
FRTSLE00047N,FRTSLP1760
FRTSLE000383,FRTSLP1755
FRTSLE0003ZV,FRTSLP1747
FRTSLE0003QV,FRTSLP3318
FRTSLE0003M1,FRTSLP1733
FRTSLE00078S,FRTSLP1770
FRTSLE0003UF,FRTSLP1759
FRTSLE164QY2,FRTSLP3018
FRTSLE0004UD,FRTSLP16734
FRTSLE0004U5,FRTSLP16734
FRTSLE0004UJ,FRTSLP16734
FRTSLE0004TZ,FRTSLP16734
FRTSLE0004U7,FRTSLP16734
FRTSLE0004UL,FRTSLP16734
FRTSLE000389,FRTSLP1755
FRTSLE0004UH,FRTSLP16734
FRTSLE00037Z,FRTSLP1755
FRTSLE0DKXTY,FRTSLP30251
FRTSLE0004U3,FRTSLP16734
FRTSLE0004U9,FRTSLP16734
FRTSLE0004UN,FRTSLP16734
FRTSLE0004TX,FRTSLP16734
FRTSLE0004UF,FRTSLP16734
FRTSLE0004TV,FRTSLP16734
FRTSLE000385,FRTSLP1755
FRTSLE0004UP,FRTSLP16734
FRTSLE0004UB,FRTSLP16734
FRTSLE0003QR,FRTSLP3318
FRTSLE00049T,FRTSLP5362
FRTSLE0003VX,FRTSLP13281
FRTSLE1656C9,FRTSLP3018
FRTSLE0IPVZW,FRTSLP30140
FRTSLE0004C9,FRTSLP1719
FRTSLE00049P,FRTSLP5362
FRTSLE00043Z,FRTSLP7137
FRTSLE0003WN,FRTSLP13281
FRTSLE1JGO9Q,FRTSLP413628
FRTSLE0004A3,FRTSLP5362
FRTSLE00078W,FRTSLP1770
FRTSLE00037X,FRTSLP1755
FRTSLE0003WH,FRTSLP13281
FRTSLE00049R,FRTSLP5362
FRTSLE0003RH,FRTSLP2566
FRTSLE2IOYGE,FRTSLP3318
FRTSLE2IP8HO,FRTSLP3318
FRTSLE0003RB,FRTSLP2566
FRTSLE00040H,FRTSLP1747
FRTSLE000483,FRTSLP1745
FRTSLE00040L,FRTSLP1747
FRTSLE00047P,FRTSLP1760
FRTSLE72HDU3,FRTSLP30258
FRTSLE5CQRWW,FRTSLP1728
FRTSLE00074K,FRTSLP28329
FRTSLE0003XF,FRTSLP1732
FRTSLE0003XZ,FRTSLP1732
FRTSLE1652YH,FRTSLP3018
FRTSLE00074U,FRTSLP28329
FRTSLE00044R,FRTSLP1724
FRTSLE4PVXYY,FRTSLP30251
FRTSLE0003Y9,FRTSLP1732
FRTSLE00049X,FRTSLP5362
FRTSLE5ALV6S,FRTSLP1732
FRTSLE5ALV6V,FRTSLP1732
FRTSLE16M1WR,FRTSLP3018
FRTSLE0006T0,FRTSLP3017
FRTSLE0003TX,FRTSLP6462
FRTSLE00049B,FRTSLP1749
FRTSLE5CY6TJ,FRTSLP1732
FRTSLE00078Q,FRTSLP1770
FRTSLE00047L,FRTSLP1760
FRTSLE0003J1,FRTSLP1728
FRTSLE0004E3,FRTSLP7138
FRTSLE0004E9,FRTSLP7138
FRTSLE5CY6TM,FRTSLP1732
FRTSLE5ALV7R,FRTSLP1732
FRTSLE0003IZ,FRTSLP1728
FRTSLE1JDB3F,FRTSLP1732
FRTSLE0004DV,FRTSLP7138
FRTSLE00048V,FRTSLP3018
FRTSLE00048T,FRTSLP3018
FRTSLE00048X,FRTSLP3018
FRTSLE0003X9,FRTSLP1732
FRTSLE0003M7,FRTSLP1767
FRTSLE0003ML,FRTSLP1767
FRTSLE0003MH,FRTSLP1767
FRTSLE1IFD8I,FRTSLP1732
FRTSLE5ALOG8,FRTSLP1732
FRTSLE5ALL26,FRTSLP1732
FRTSLE1JDB3D,FRTSLP1732
FRTSLE0003Y1,FRTSLP1732
FRTSLE0003XB,FRTSLP1732
FRTSLE0003Y3,FRTSLP1732
FRTSLE0003XR,FRTSLP1732
FRTSLE0003UJ,FRTSLP1759
FRTSLE1IFD8P,FRTSLP1732
FRTSLE1JDB3G,FRTSLP1732
FRTSLE72HDTY,FRTSLP30258
FRTSLE1IFCNJ,FRTSLP1732
FRTSLE000381,FRTSLP1755
FRTSLE0003XP,FRTSLP1732
FRTSLE1IFDE6,FRTSLP1732
FRTSLE0IPVZU,FRTSLP30140
FRTSLE0IPW0T,FRTSLP30140
FRTSLE0IPW0P,FRTSLP30140
FRTSLE5ALXMT,FRTSLP1732
FRTSLE165AAP,FRTSLP3018
FRTSLE0004L9,FRTSLP1762
FRTSLE0003XH,FRTSLP1732
FRTSLE0003XJ,FRTSLP1732
FRTSLE1JDB3E,FRTSLP1732
FRTSLE1JGO9T,FRTSLP413628
FRTSLE0004L1,FRTSLP1762
FRTSLE0004LB,FRTSLP1762
FRTSLE1IFCVS,FRTSLP1732
FRTSLE5ALOG7,FRTSLP1732
FRTSLE5ALOG4,FRTSLP1732
FRTSLE0IPW0M,FRTSLP30140
FRTSLE0CF2ZN,FRTSLP30140
FRTSLE1JGO9P,FRTSLP413628
FRTSLE0CF33P,FRTSLP30140
FRTSLE5ALV7U,FRTSLP1732
FRTSLE0KYFXO,FRTSLP1759
FRTSLE5ALV73,FRTSLP1732
FRTSLE5ALV83,FRTSLP1732
FRTSLE5CY6TL,FRTSLP1732
FRTSLE0004E5,FRTSLP7138
FRTSLE0003U7,FRTSLP1759
FRTSLE0004DR,FRTSLP7138
FRTSLE0004DX,FRTSLP7138
FRTSLE5AM4X0,FRTSLP1732
FRTSLE72HDU5,FRTSLP30258
FRTSLE72HDU4,FRTSLP30258
FRTSLE1IFCNK,FRTSLP1732
FRTSLE0003XV,FRTSLP1732
FRTSLE1IFCNI,FRTSLP1732
FRTSLE5ALZAL,FRTSLP1732
FRTSLE0003U1,FRTSLP6462
FRTSLE0003TP,FRTSLP6462
FRTSLE0IEUA2,FRTSLP33181
FRTSLE0IEU9S,FRTSLP33181
FRTSLE5CY6TN,FRTSLP1732
FRTSLE5ALV7O,FRTSLP1732
FRTSLE5ALV7D,FRTSLP1732
FRTSLE0IEU9W,FRTSLP33181
FRTSLE0CGO2F,FRTSLP27522
FRTSLE0DBEVM,FRTSLP27522
FRTSLE0003XT,FRTSLP1732
FRTSLE0003XD,FRTSLP1732
FRTSLE0003XL,FRTSLP1732
FRTSLE5ALOG3,FRTSLP1732
FRTSLE1A7OQL,FRTSLP27522
FRTSLE0IEU9Z,FRTSLP33181
FRTSLE0004E7,FRTSLP7138
FRTSLE000387,FRTSLP1755
FRTSLE1IFD8K,FRTSLP1732
FRTSLE0003X7,FRTSLP1732
FRTSLE1IFDMO,FRTSLP1732
FRTSLE0004DT,FRTSLP7138
FRTSLE0004ED,FRTSLP7138
FRTSLE0004EB,FRTSLP7138
FRTSLE5CQRX9,FRTSLP1728
FRTSLE0CF2ZP,FRTSLP30140
FRTSLE0003TN,FRTSLP6462
FRTSLE0003Y5,FRTSLP1732
FRTSLE00040X,FRTSLP1768
FRTSLE1IFD2Z,FRTSLP1732
FRTSLE0004E1,FRTSLP7138
FRTSLE0IPVZR,FRTSLP30140
FRTSLE1IFCNL,FRTSLP1732
FRTSLE0003Y7,FRTSLP1732
FRTSLE0003XX,FRTSLP1732
FRTSLE0003XN,FRTSLP1732
FRTSLE0CF31I,FRTSLP30140
FRTSLE1IFDE4,FRTSLP1732
FRTSLE0003J3,FRTSLP1728
FRTSLE0003J7,FRTSLP1728
FRTSLE00074M,FRTSLP28329
FRTSLE1DB331,FRTSLP28329
FRTSLE0IPW0O,FRTSLP30140
FRTSLE72HDU2,FRTSLP30258
FRTSLE0004KZ,FRTSLP1762
FRTSLE0004LD,FRTSLP1762
FRTSLE1DB333,FRTSLP28329
FRTSLE0DK8GO,FRTSLP30182
FRTSLE0004L5,FRTSLP1762
FRTSLE00074G,FRTSLP28329
FRTSLE0DK8GY,FRTSLP30182
FRTSLE0IPW0Q,FRTSLP30140
FRTSLE0CF2ZW,FRTSLP30140
FRTSLE0CF2ZS,FRTSLP30140
FRTSLE0IPVZY,FRTSLP30140
FRTSLE0CF334,FRTSLP30140
FRTSLE0CF324,FRTSLP30140
FRTSLE000752,FRTSLP28329
FRTSLE1U3HKB,FRTSLP29592
FRTSLE1U3HKM,FRTSLP29592
FRTSLE0004L7,FRTSLP1762
FRTSLE0004L3,FRTSLP1762
FRTSLE5CQRXA,FRTSLP1728
FRTSLE5CQRX5,FRTSLP1728
FRTSLE140O6S,FRTSLP30038
FRTSLE140O9U,FRTSLP30038
FRTSLE140OA3,FRTSLP30038
FRTSLE0003TV,FRTSLP6462
FRTSLE0003TT,FRTSLP6462
FRTSLE0DK8GQ,FRTSLP30182
FRTSLE140OAE,FRTSLP30038
FRTSLE0003TR,FRTSLP6462
FRTSLE0DBEZ1,FRTSLP27522
FRTSLE0VU2M7,FRTSLP27522
FRTSLE00040Z,FRTSLP1768
FRTSLE0DBETM,FRTSLP27522
FRTSLE0IPVZX,FRTSLP30140
FRTSLE0IPVZV,FRTSLP30140
FRTSLE0IPVZS,FRTSLP30140
FRTSLE0DBETO,FRTSLP27522
FRTSLE1A7OQO,FRTSLP27522
FRTSLE0DK8GW,FRTSLP30182
FRTSLE1U3H86,FRTSLP29592
FRTSLE000415,FRTSLP1768
FRTSLE0VU2KR,FRTSLP27522
FRTSLE0003Q5,FRTSLP1736
FRTSLE00040V,FRTSLP1768
FRTSLE00074S,FRTSLP28329
FRTSLE1A7OQK,FRTSLP27522
FRTSLE140OA9,FRTSLP30038
FRTSLE15TB1S,FRTSLP28329
FRTSLE140OAA,FRTSLP30038
FRTSLE140OA4,FRTSLP30038
FRTSLE140O6Q,FRTSLP30038
FRTSLE0CF30T,FRTSLP30140
FRTSLE0IPW0L,FRTSLP30140
FRTSLE0CGO3J,FRTSLP27522
FRTSLE0CGE0Z,FRTSLP33831
FRTSLE0CGE9F,FRTSLP33831
FRTSLE0CGE9Z,FRTSLP33831
FRTSLE140O6O,FRTSLP30038
FRTSLE140OA8,FRTSLP30038
FRTSLE140OA6,FRTSLP30038
FRTSLE1U3HK9,FRTSLP29592
FRTSLE1A7OQP,FRTSLP27522
FRTSLE0CGDUJ,FRTSLP33831
FRTSLE140OAC,FRTSLP30038
FRTSLE1BB0FP,FRTSLP413824
FRTSLE0DK8GU,FRTSLP30182
FRTSLE1U3H87,FRTSLP29592
FRTSLE1U3H85,FRTSLP29592
FRTSLE1U3H88,FRTSLP29592
FRTSLE140O5Y,FRTSLP30038
FRTSLE140OO0,FRTSLP30038
FRTSLE0003JD,FRTSLP1728
FRTSLE140OAD,FRTSLP30038
FRTSLE140O9W,FRTSLP30038
FRTSLE1A7OQQ,FRTSLP27522
FRTSLE1U3HK7,FRTSLP29592
FRTSLE337EVT,FRTSLP1772
FRTSLE140O6T,FRTSLP30038
FRTSLE140OA7,FRTSLP30038
FRTSLE0004PD,FRTSLP17909
FRTSLE0004P5,FRTSLP17909
FRTSLE0003EB,FRTSLP1725
FRTSLE0003WR,FRTSLP1772
FRTSLE0CFB1D,FRTSLP33179
FRTSLE0CFB29,FRTSLP33179
FRTSLE0CFB1P,FRTSLP33179
FRTSLE0CFB1F,FRTSLP33179
FRTSLE0CFB1R,FRTSLP33179
FRTSLE0004BT,FRTSLP7139
FRTSLE140O9V,FRTSLP30038
FRTSLE0003CT,FRTSLP1734
FRTSLE10HNBL,FRTSLP16281
FRTSLE10HMTR,FRTSLP16281
FRTSLE1U3HKJ,FRTSLP29592
FRTSLE1FZ3P4,FRTSLP1736
FRTSLE10HN2K,FRTSLP16281
FRTSLE0003PX,FRTSLP1736
FRTSLE0004R9,FRTSLP16281
FRTSLE0003CZ,FRTSLP1734
FRTSLE0003PZ,FRTSLP1736
FRTSLE0DK8GS,FRTSLP30182
FRTSLE0004R3,FRTSLP16281
FRTSLE10HN2R,FRTSLP16281
FRTSLE10HMTP,FRTSLP16281
FRTSLE140O9X,FRTSLP30038
FRTSLE140O6R,FRTSLP30038
FRTSLE0CGDUF,FRTSLP33831
FRTSLE0CGDMN,FRTSLP33831
FRTSLE0CGDKH,FRTSLP33831
FRTSLE0CGDKF,FRTSLP33831
FRTSLE0004QN,FRTSLP16281
FRTSLE0CGDUH,FRTSLP33831
FRTSLE0DOI1W,FRTSLP34043
FRTSLE0004RF,FRTSLP16281
FRTSLE0004RV,FRTSLP16281
FRTSLE0003J9,FRTSLP1728
FRTSLE0IEU9U,FRTSLP33181
FRTSLE00036L,FRTSLP14836
FRTSLE0DOI1X,FRTSLP34043
FRTSLE0DOI1Z,FRTSLP34043
FRTSLE0DBEX2,FRTSLP27522
FRTSLE0003E3,FRTSLP1725
FRTSLE10HN6H,FRTSLP16281
FRTSLE0CFB1H,FRTSLP33179
FRTSLE0004R7,FRTSLP16281
FRTSLE00036R,FRTSLP14836
FRTSLE0004P3,FRTSLP17909
FRTSLE0004OT,FRTSLP17909
FRTSLE0004OV,FRTSLP17909
FRTSLE10HND4,FRTSLP16281
FRTSLE0004QR,FRTSLP16281
FRTSLE00036D,FRTSLP14836
FRTSLE1U3HKF,FRTSLP29592
FRTSLE10HMVQ,FRTSLP16281
FRTSLE0003E1,FRTSLP1725
FRTSLE140O9Y,FRTSLP30038
FRTSLE0004RZ,FRTSLP16281
FRTSLE10HMTU,FRTSLP16281
FRTSLE1U3HKC,FRTSLP29592
FRTSLE0004RB,FRTSLP16281
FRTSLE1U3HKN,FRTSLP29592
FRTSLE10HMTT,FRTSLP16281
FRTSLE0004BR,FRTSLP7139
FRTSLE140ONZ,FRTSLP30038
FRTSLE337F5V,FRTSLP1772
FRTSLE0003ED,FRTSLP1725
FRTSLE0003WV,FRTSLP1772
FRTSLE0CGO49,FRTSLP27522
FRTSLE0CGO3X,FRTSLP27522
FRTSLE0004QT,FRTSLP16281
FRTSLE00036H,FRTSLP14836
FRTSLE0003DX,FRTSLP1725
FRTSLE0003EJ,FRTSLP1725
FRTSLE0004C1,FRTSLP7139
FRTSLE10HN5D,FRTSLP16281
FRTSLE10HMVU,FRTSLP16281
FRTSLE0004RD,FRTSLP16281
FRTSLE0004RL,FRTSLP16281
FRTSLE0004QX,FRTSLP16281
FRTSLE5CQRX3,FRTSLP1728
FRTSLE0DOI20,FRTSLP34043
FRTSLE0004RH,FRTSLP16281
FRTSLE0004P7,FRTSLP17909
FRTSLE337F4C,FRTSLP1772
FRTSLE337F2G,FRTSLP1772
FRTSLE0CFB27,FRTSLP33179
FRTSLE0CFB1N,FRTSLP33179
FRTSLE0CFB2M,FRTSLP33179
FRTSLE0DOI21,FRTSLP34043
FRTSLE10HMTM,FRTSLP16281
FRTSLE0004QL,FRTSLP16281
FRTSLE0003EH,FRTSLP1725
FRTSLE0DOI23,FRTSLP34043
FRTSLE000365,FRTSLP14836
FRTSLE000367,FRTSLP14836
FRTSLE15T93U,FRTSLP28329
FRTSLE337F5P,FRTSLP1772
FRTSLE0004RP,FRTSLP16281
FRTSLE0004R5,FRTSLP16281
FRTSLE0004QJ,FRTSLP16281
FRTSLE00036F,FRTSLP14836
FRTSLE0004RT,FRTSLP16281
FRTSLE337EX8,FRTSLP1772
FRTSLE00036B,FRTSLP14836
FRTSLE0CGO2J,FRTSLP27522
FRTSLE00035Z,FRTSLP14836
FRTSLE000363,FRTSLP14836
FRTSLE0003X5,FRTSLP1772
FRTSLE0004S1,FRTSLP16281
FRTSLE337EVU,FRTSLP1772
FRTSLE0003CX,FRTSLP1734
FRTSLE10HMTN,FRTSLP16281
FRTSLE00074Y,FRTSLP28329
FRTSLE0003X1,FRTSLP1772
FRTSLE0004BX,FRTSLP7139
FRTSLE0003WZ,FRTSLP1772
FRTSLE0004C5,FRTSLP7139
FRTSLE00074Q,FRTSLP28329
FRTSLE0003X3,FRTSLP1772
FRTSLE0004C3,FRTSLP7139
FRTSLE0003WT,FRTSLP1772
FRTSLE0004BV,FRTSLP7139
FRTSLE00036J,FRTSLP14836
FRTSLE000361,FRTSLP14836
FRTSLE0003WX,FRTSLP1772
FRTSLE0004BZ,FRTSLP7139
FRTSLE0004RN,FRTSLP16281
FRTSLE0DOI22,FRTSLP34043
FRTSLE0004RJ,FRTSLP16281
FRTSLE10HMTO,FRTSLP16281
FRTSLE0003U9,FRTSLP1759
FRTSLE0004RR,FRTSLP16281
FRTSLE10HMTS,FRTSLP16281
FRTSLE0004QP,FRTSLP16281
FRTSLE0DOI1Y,FRTSLP34043
FRTSLE000413,FRTSLP1768
FRTSLE15TENO,FRTSLP28329
FRTSLE337F4I,FRTSLP1772
FRTSLE1BHJ51,FRTSLP413824
FRTSLE0003EF,FRTSLP1725
FRTSLE0003E5,FRTSLP1725
FRTSLE0004QZ,FRTSLP16281
FRTSLE10HN51,FRTSLP16281
FRTSLE10HMVP,FRTSLP16281
FRTSLE00036N,FRTSLP14836
FRTSLE00035X,FRTSLP14836
FRTSLE00036P,FRTSLP14836
FRTSLE10HNOB,FRTSLP16281
FRTSLE0004RX,FRTSLP16281
FRTSLE0004OZ,FRTSLP17909
FRTSLE0004P9,FRTSLP17909
FRTSLE000369,FRTSLP14836
FRTSLE0003TZ,FRTSLP6462
FRTSLE0004PB,FRTSLP17909
FRTSLE0CFB1T,FRTSLP33179
FRTSLE00074I,FRTSLP28329
FRTSLE00074W,FRTSLP28329
FRTSLE0004OR,FRTSLP17909
FRTSLE0003CV,FRTSLP1734
FRTSLE10HMTQ,FRTSLP16281
FRTSLE0CGO36,FRTSLP27522
FRTSLE0CFB1B,FRTSLP33179
FRTSLE0CFB2B,FRTSLP33179
FRTSLE0YCV99,FRTSLP28329
FRTSLE0I96ZU,FRTSLP29498
FRTSLE2K1KPB,FRTSLP28329
FRTSLE1DB332,FRTSLP28329
FRTSLE0CK54Z,FRTSLP28329
FRTSLE0004QV,FRTSLP16281
FRTSLE000419,FRTSLP1761
FRTSLE000417,FRTSLP1761
FRTSLE00074O,FRTSLP28329
FRTSLE0004R1,FRTSLP16281
FRTSLE00041J,FRTSLP1761
FRTSLE0I975H,FRTSLP29498
FRTSLE0DBF17,FRTSLP27522
FRTSLE1MDS5V,FRTSLP450161
FRTSLE1MDS78,FRTSLP450161
FRTSLE1MDS7A,FRTSLP450161
FRTSLE1MDS7B,FRTSLP450161
FRTSLE1MDS4O,FRTSLP450161
FRTSLE1MDS4R,FRTSLP450161
FRTSLE1MDS3I,FRTSLP450161
FRTSLE1MDS4P,FRTSLP450161
FRTSLE00041L,FRTSLP1761
FRTSLE0I971S,FRTSLP29498
FRTSLE15TDRD,FRTSLP28329
FRTSLE0CGO5X,FRTSLP27522
FRTSLE00040T,FRTSLP1768
FRTSLE00041D,FRTSLP1761
FRTSLE00041H,FRTSLP1761
FRTSLE00041B,FRTSLP1761
FRTSLE00041F,FRTSLP1761
FRTSLE0CGO5B,FRTSLP27522
FRTSLE0COU6L,FRTSLP30031
FRTSLE0COU7G,FRTSLP30031
FRTSLE0COU3T,FRTSLP30031
FRTSLE0COU38,FRTSLP30031
FRTSLE0COU94,FRTSLP30031
FRTSLE0COU4R,FRTSLP30031
FRTSLE0003DZ,FRTSLP1725
FRTSLE1CYTEZ,FRTSLP1738
FRTSLE0COU53,FRTSLP30031
FRTSLE0DXYN7,FRTSLP30031
FRTSLE0COU72,FRTSLP30031
FRTSLE0COU36,FRTSLP30031
FRTSLE0COU7Z,FRTSLP30031
FRTSLE0COU34,FRTSLP30031
FRTSLE0COU4A,FRTSLP30031
FRTSLE0COU5Q,FRTSLP30031
FRTSLE0COU8J,FRTSLP30031
FRTSLE1FZ3B0,FRTSLP1736
FRTSLE0COU41,FRTSLP30031
FRTSLE0COU4G,FRTSLP30031
FRTSLE0COU65,FRTSLP30031
FRTSLE0COU5G,FRTSLP30031
FRTSLE0COU3M,FRTSLP30031
FRTSLE1BAZJJ,FRTSLP413824
FRTSLE0003PB,FRTSLP1723
FRTSLE1FZ3P7,FRTSLP1736
FRTSLE0I9789,FRTSLP29498
FRTSLE0I96Y6,FRTSLP29498
FRTSLE1FZ3P3,FRTSLP1736
FRTSLE1FZ3P6,FRTSLP1736
FRTSLE0IEUA3,FRTSLP33181
FRTSLE0CGO2T,FRTSLP27522
FRTSLE0CGORB,FRTSLP27522
FRTSLE0CGO4R,FRTSLP27522
FRTSLE1A7OQN,FRTSLP27522
FRTSLE0003UV,FRTSLP1759
FRTSLE0DBETS,FRTSLP27522
FRTSLE00040R,FRTSLP1768
FRTSLE0DBETQ,FRTSLP27522
FRTSLE1A7OSU,FRTSLP27522
FRTSLE0003PV,FRTSLP1736
FRTSLE0I97BD,FRTSLP29498
FRTSLE0CGO31,FRTSLP27522
FRTSLE1A7OQM,FRTSLP27522
FRTSLE000411,FRTSLP1768
FRTSLE0003U3,FRTSLP1759
FRTSLE0I972R,FRTSLP29498
FRTSLE0003UR,FRTSLP1759
FRTSLE0003UD,FRTSLP1759
FRTSLE0KYG2K,FRTSLP1759
FRTSLE0IEU9V,FRTSLP33181
FRTSLE0KYFUD,FRTSLP1759
FRTSLE0I96TZ,FRTSLP29498
FRTSLE0KYG1Q,FRTSLP1759
FRTSLE0003Q1,FRTSLP1736
FRTSLE0I97A2,FRTSLP29498
FRTSLE0003UH,FRTSLP1759
FRTSLE0KYFTT,FRTSLP1759
FRTSLE1CYTJO,FRTSLP1738
FRTSLE0IEU9T,FRTSLP33181
FRTSLE0KYFXP,FRTSLP1759
FRTSLE1CYTHW,FRTSLP1738
FRTSLE0I976W,FRTSLP29498
FRTSLE0I96WX,FRTSLP29498
FRTSLE0I9743,FRTSLP29498
FRTSLE0003UP,FRTSLP1759
FRTSLE0KYG2E,FRTSLP1759
FRTSLE0KYG39,FRTSLP1759
FRTSLE0003UT,FRTSLP1759
FRTSLE0KYG1J,FRTSLP1759
FRTSLE0IEUA1,FRTSLP33181
FRTSLE0KYG38,FRTSLP1759
FRTSLE0KYFTU,FRTSLP1759
FRTSLE0KYG2F,FRTSLP1759
FRTSLE0KYG0A,FRTSLP1759
FRTSLE0I96YM,FRTSLP29498
FRTSLE0003UB,FRTSLP1759
FRTSLE0003UN,FRTSLP1759
FRTSLE0003UL,FRTSLP1759
FRTSLE0KYFXN,FRTSLP1759
FRTSLE0CZRWV,FRTSLP1738
FRTSLE0IEU9X,FRTSLP33181
FRTSLE0KYFUF,FRTSLP1759
FRTSLE0IEU9Y,FRTSLP33181
FRTSLE0003U5,FRTSLP1759
FRTSLE0I974Q,FRTSLP29498
FRTSLE0IEUA0,FRTSLP33181
FRTSLE0I96ZJ,FRTSLP29498
FRTSLE0I970L,FRTSLP29498
FRTSLE1CYTHY,FRTSLP1738
FRTSLE0CZRZO,FRTSLP1738
FRTSLE0CZS00,FRTSLP1738
FRTSLE0CZRRL,FRTSLP1738
FRTSLE1BAYYD,FRTSLP413824
FRTSLE1CYTG8,FRTSLP1738
FRTSLE1FZ3AY,FRTSLP1736
FRTSLE1BAZ2E,FRTSLP413824
FRTSLE1BHJ50,FRTSLP413824
FRTSLE0003E9,FRTSLP1725
FRTSLE1FZ3AZ,FRTSLP1736
FRTSLE1CYTM5,FRTSLP1738
FRTSLE1BAZFM,FRTSLP413824
FRTSLE0003PR,FRTSLP1736
FRTSLE0003PT,FRTSLP1736
FRTSLE1BHJ52,FRTSLP413824
FRTSLE000439,FRTSLP1763
FRTSLE00043F,FRTSLP1763
FRTSLE41JANL,FRTSLP1763
FRTSLE41JANO,FRTSLP1763
FRTSLE000435,FRTSLP1763
FRTSLE00043D,FRTSLP1763
FRTSLE41JANK,FRTSLP1763
FRTSLE41JANI,FRTSLP1763
FRTSLE41JANH,FRTSLP1763
FRTSLE000437,FRTSLP1763
FRTSLE000433,FRTSLP1763
FRTSLE00043B,FRTSLP1763
FRTSLE00043H,FRTSLP1763
FRTSLE41JANM,FRTSLP1763
FRTSLE41JANJ,FRTSLP1763
FRTSLE41JANN,FRTSLP1763
FRTSLE0CZRQY,FRTSLP1738
FRTSLE0CZRX1,FRTSLP1738
FRTSLE1BAZC5,FRTSLP413824
FRTSLE00032R,FRTSLP29532
FRTSLE0003Q3,FRTSLP1736
FRTSLE00032X,FRTSLP29532
FRTSLE000335,FRTSLP29532
FRTSLE00032Z,FRTSLP29532
FRTSLE1FZ3PA,FRTSLP1736
FRTSLE00032J,FRTSLP29532
FRTSLE00032N,FRTSLP29532
FRTSLE00032D,FRTSLP29532
FRTSLE00032T,FRTSLP29532
FRTSLE00032V,FRTSLP29532
FRTSLE00032F,FRTSLP29532
FRTSLE00032H,FRTSLP29532
FRTSLE00032L,FRTSLP29532
FRTSLE000331,FRTSLP29532
FRTSLE000337,FRTSLP29532
FRTSLE00032P,FRTSLP29532
FRTSLE000333,FRTSLP29532
FRTSLE0PRNH6,FRTSLP424918
FRTSLE0PRNH7,FRTSLP424918
FRTSLE0PRNH5,FRTSLP424918
FRTSLE00L586,FRTSLP30259
FRTSLE00L57A,FRTSLP30259
FRTSLE00L5AA,FRTSLP30259
FRTSLE00L5AC,FRTSLP30259
FRTSLE0PRNH4,FRTSLP424918
FRTSLE0PRNH8,FRTSLP424918
FRTSLE00L58I,FRTSLP30259
FRTSLE00L5A8,FRTSLP30259
FRTSLE00L58Y,FRTSLP30259
FRTSLE0004VT,FRTSLP17341
FRTSLE0004WD,FRTSLP17341
FRTSLE0G2WDF,FRTSLP17341
FRTSLE0G2WDJ,FRTSLP17341
FRTSLE0G2WDK,FRTSLP17341
FRTSLE0004WF,FRTSLP17341
FRTSLE0004WH,FRTSLP17341
FRTSLE0004WL,FRTSLP17341
FRTSLE0004VR,FRTSLP17341
FRTSLE00L576,FRTSLP30259
FRTSLE00L59I,FRTSLP30259
FRTSLE00L58K,FRTSLP30259
FRTSLE00L592,FRTSLP30259
FRTSLE00L588,FRTSLP30259
FRTSLE0G2VVI,FRTSLP17341
FRTSLE0G2WDD,FRTSLP17341
FRTSLE0004W1,FRTSLP17341
FRTSLE0004W9,FRTSLP17341
FRTSLE0004WB,FRTSLP17341
FRTSLE0PRNH2,FRTSLP424918
FRTSLE0PRNH3,FRTSLP424918
FRTSLE1F9J65,FRTSLP417057
FRTSLE1F9J64,FRTSLP417057
FRTSLE0DZJUM,FRTSLP30183
FRTSLE0004W5,FRTSLP17341
FRTSLE0004W3,FRTSLP17341
FRTSLE00L59K,FRTSLP30259
FRTSLE10FJ19,FRTSLP5367
FRTSLE00L578,FRTSLP30259
FRTSLE00L590,FRTSLP30259
FRTSLE10FHOU,FRTSLP5367
FRTSLE1LRU4P,FRTSLP5367
FRTSLE0PRNH1,FRTSLP424918
FRTSLE10F23Y,FRTSLP5367
FRTSLE10F23W,FRTSLP5367
FRTSLE10FIBV,FRTSLP5367
FRTSLE10FHUR,FRTSLP5367
FRTSLE0003SZ,FRTSLP5367
FRTSLE10F1VF,FRTSLP5367
FRTSLE0003S5,FRTSLP5367
FRTSLE10F1X5,FRTSLP5367
FRTSLE10F263,FRTSLP5367
FRTSLE11CQC6,FRTSLP5367
FRTSLE00L58M,FRTSLP30259
FRTSLE00L57C,FRTSLP30259
FRTSLE00L58A,FRTSLP30259
FRTSLE00L59M,FRTSLP30259
FRTSLE1DKK81,FRTSLP5367
FRTSLE0003SJ,FRTSLP5367
FRTSLE0003ST,FRTSLP5367
FRTSLE0003SV,FRTSLP5367
FRTSLE00L594,FRTSLP30259
FRTSLE0003SL,FRTSLP5367
FRTSLE10FHOX,FRTSLP5367
FRTSLE1F9J66,FRTSLP417057
FRTSLE00L58O,FRTSLP30259
FRTSLE00L59O,FRTSLP30259
FRTSLE10FHOV,FRTSLP5367
FRTSLE1DKI95,FRTSLP5367
FRTSLE1LRV0A,FRTSLP5367
FRTSLE10F2AJ,FRTSLP5367
FRTSLE0003S7,FRTSLP5367
FRTSLE0004WJ,FRTSLP17341
FRTSLE0G2WDG,FRTSLP17341
FRTSLE0G2WDE,FRTSLP17341
FRTSLE1F9J69,FRTSLP417057
FRTSLE0004VX,FRTSLP17341
FRTSLE1F9J6A,FRTSLP417057
FRTSLE10F1YK,FRTSLP5367
FRTSLE0003T5,FRTSLP5367
FRTSLE0004VZ,FRTSLP17341
FRTSLE10FIBU,FRTSLP5367
FRTSLE10FHZX,FRTSLP5367
FRTSLE00L5A6,FRTSLP30259
FRTSLE00L58C,FRTSLP30259
FRTSLE10FGAW,FRTSLP5367
FRTSLE10FHUK,FRTSLP5367
FRTSLE1DKJ3L,FRTSLP5367
FRTSLE0DZJUK,FRTSLP30183
FRTSLE0004VV,FRTSLP17341
FRTSLE0003SP,FRTSLP5367
FRTSLE0003SX,FRTSLP5367
FRTSLE1F9J68,FRTSLP417057
FRTSLE0003SR,FRTSLP5367
FRTSLE0003T9,FRTSLP5367
FRTSLE10FHZW,FRTSLP5367
FRTSLE10F23X,FRTSLP5367
FRTSLE10FHUN,FRTSLP5367
FRTSLE1LRVEK,FRTSLP5367
FRTSLE0003SH,FRTSLP5367
FRTSLE1DKJRS,FRTSLP5367
FRTSLE0004WN,FRTSLP17341
FRTSLE0004VN,FRTSLP17341
FRTSLE0004WP,FRTSLP17341
FRTSLE0G2WDH,FRTSLP17341
FRTSLE0G2WDI,FRTSLP17341
FRTSLE0004W7,FRTSLP17341
FRTSLE0004VP,FRTSLP17341
FRTSLE1F9J67,FRTSLP417057
FRTSLE0003S3,FRTSLP5367
FRTSLE1F9J63,FRTSLP417057
FRTSLE10F262,FRTSLP5367
FRTSLE10F261,FRTSLP5367
FRTSLE1DKHJZ,FRTSLP5367
FRTSLE1DKIQB,FRTSLP5367
FRTSLE0003SF,FRTSLP5367
FRTSLE0003T3,FRTSLP5367
FRTSLE10F264,FRTSLP5367
FRTSLE10FHOT,FRTSLP5367
FRTSLE10F1SM,FRTSLP5367
FRTSLE0003SD,FRTSLP5367
FRTSLE0003TF,FRTSLP5367
FRTSLE0003TD,FRTSLP5367
FRTSLE0003SN,FRTSLP5367
FRTSLE0003TH,FRTSLP5367
FRTSLE10FGAV,FRTSLP5367
FRTSLE10FMYE,FRTSLP5367
FRTSLE0DZJUS,FRTSLP30183
FRTSLE0DZJUR,FRTSLP30183
FRTSLE0DZJUQ,FRTSLP30183
FRTSLE0DZJUL,FRTSLP30183
FRTSLE0DZJUN,FRTSLP30183
FRTSLE0DZJUP,FRTSLP30183
FRTSLE1DKIGH,FRTSLP5367
FRTSLE0DZJUO,FRTSLP30183
FRTSLE0DZJUT,FRTSLP30183
FRTSLE11MTQI,FRTSLP30183
FRTSLE0DZJUI,FRTSLP30183
FRTSLE11MTPV,FRTSLP30183
FRTSLE0DZJUJ,FRTSLP30183
FRTSLE10FHZU,FRTSLP5367
FRTSLE1DKK0P,FRTSLP5367
FRTSLE10FHZN,FRTSLP5367
FRTSLE10FHUJ,FRTSLP5367
FRTSLE0003S9,FRTSLP5367
FRTSLE1DKID0,FRTSLP5367
FRTSLE0003T1,FRTSLP5367
FRTSLE10FJ18,FRTSLP5367
FRTSLE0003SB,FRTSLP5367
FRTSLE0003TB,FRTSLP5367
FRTSLE0003TJ,FRTSLP5367
FRTSLE0003T7,FRTSLP5367
FRTSLE0003TL,FRTSLP5367
FRTSLE10FHOY,FRTSLP5367
